category	subcategory	ID	Description	BgRatio	RichFactor	FoldEnrichment	zScore	pvalue	p.adjust	qvalue	geneID	Count	GeneRatio
Human Diseases	Infectious disease: viral	mmu05168	Herpes simplex virus 1 infection	213/9575	0.215962441314554	3.8364385446880416	10.224259054708012	1.005063516750608e-15	3.286557699774488e-13	2.7083816872437435e-13	11783/12010/12043/12122/69550/12266/12370/20293/18636/214763/13163/19106/14960/14972/14991/15007/15015/110557/15018/110558/15039/15040/15042/15967/15975/16151/54123/16391/246730/23961/23960/246728/246727/18707/18854/230073/24014/20684/20846/20847/72512/21354/21355/142980/81897/22031	46	0.08534322820037106
Human Diseases	Infectious disease: viral	mmu05169	Epstein-Barr virus infection	228/9575	0.17543859649122806	3.116557627835823	7.899768830035508	8.50528728141132e-11	1.3906144705107508e-8	1.14597554949542e-8	11783/12010/12043/12122/12370/12443/12444/21939/12575/19106/23882/14960/14972/14991/15007/15015/110557/15018/110558/15039/15040/15042/15967/15975/16151/54123/16391/16453/246730/23961/23960/246728/246727/18707/230073/20846/20847/21354/21355/22031	40	0.07421150278293136
Human Diseases	Infectious disease: viral	mmu05164	Influenza A	174/9575	0.1839080459770115	3.267012134007208	7.370457147388887	2.0627209074982686e-9	2.2483657891731127e-7	1.8528300081387955e-7	56417/11783/12122/12370/20293/12265/19106/110196/14960/15967/15975/16151/54123/16391/16647/17858/246730/23961/23960/246728/246727/18707/18854/230073/24014/20846/20847/142980/170743/22035/22031/22333	32	0.059369202226345084
Human Diseases	Infectious disease: viral	mmu05167	Kaposi sarcoma-associated herpesvirus infection	223/9575	0.16143497757847533	2.8677920413987037	6.892577945035632	7.888742603029009e-9	5.900376595969068e-7	4.862373760077519e-7	12122/12266/12314/12370/12443/12768/57781/12575/12387/19106/14696/66066/14701/14972/14991/15007/15015/110557/15018/110558/15039/15040/15042/15967/15975/16151/54123/16391/16440/18707/19058/20846/20847/21416/142980/22031	36	0.06679035250463822
Organismal Systems	Immune system	mmu04612	Antigen processing and presentation	87/9575	0.2413793103448276	4.28795342588446	7.524037101862096	9.021982562643833e-9	5.900376595969068e-7	4.862373760077519e-7	12010/12265/14960/14972/14991/15007/15015/110557/15018/110558/15039/15040/15042/15516/19141/18044/19186/621823/53970/21354/21355	21	0.03896103896103896
Organismal Systems	Immune system	mmu04621	NOD-like receptor signaling pathway	216/9575	0.16203703703703703	2.878487253487253	6.819827463546833	1.159942712698572e-8	6.321687784207217e-7	5.20956727106727e-7	11793/12043/239319/12370/20293/14469/55932/15516/15951/15967/15975/16151/54123/16391/15944/54396/16440/17951/107607/246730/23961/23960/246728/246727/55991/192656/56532/24014/268749/20846/20847/72512/22031/28240/22333	35	0.06493506493506493
Human Diseases	Infectious disease: viral	mmu05162	Measles	145/9575	0.18620689655172415	3.3078497856822984	6.838938143248367	2.9144738973972603e-8	1.3614756634984346e-6	1.1219628838100732e-6	56417/11783/12043/12122/12370/12443/12444/19106/15967/15975/16151/54123/16391/16453/17858/246730/23961/23960/246728/246727/18707/230073/20846/20847/170743/81897/22031	27	0.05009276437847866
Cellular Processes	Transport and catabolism	mmu04145	Phagosome	183/9575	0.15846994535519127	2.8151200867828505	6.054870358166295	3.476632620699162e-7	1.4210735837107825e-5	1.1710762511828758e-5	242341/12266/140792/110350/14129/246256/14960/14972/14991/15007/15015/110557/15018/110558/15039/15040/15042/17167/18711/18779/21354/21355/22042/22142/22146/22145/73710/227613/22154	29	0.05380333951762523
Human Diseases	Infectious disease: viral	mmu05170	Human immunodeficiency virus 1 infection	241/9575	0.14107883817427386	2.506177876658019	5.7836748596385394	5.860260394895972e-7	1.924028408840372e-5	1.585550531669516e-5	80287/12010/12043/12122/69550/12314/12370/12442/214763/14696/66066/14701/14972/14991/15007/15015/110557/15018/110558/15039/15040/15042/15967/16151/16440/18707/19058/56045/72512/21354/21355/319236/209387/667823	34	0.06307977736549165
Human Diseases	Infectious disease: viral	mmu05160	Hepatitis C	167/9575	0.16167664670658682	2.872085143257085	5.960575055864982	5.883878926117345e-7	1.924028408840372e-5	1.585550531669516e-5	11783/12122/12370/12443/12575/12387/19106/667373/112419/15967/15975/16151/54123/16391/17858/246730/23961/23960/246728/246727/18707/230073/24014/20846/20847/142980/22031	27	0.05009276437847866
Human Diseases	Infectious disease: viral	mmu05166	Human T-cell leukemia virus 1 infection	247/9575	0.13765182186234817	2.4452990618404153	5.6203700617118715	1.045814878096837e-6	3.108922410342415e-5	2.5619962563903374e-5	75430/12010/12442/12443/12444/21939/12575/12579/13654/110196/14960/14972/14991/15007/15015/110557/15018/110558/15039/15040/15042/16151/16168/16169/16453/18519/16818/18707/19058/30939/20525/21813/12257/22333	34	0.06307977736549165
Organismal Systems	Immune system	mmu04620	Toll-like receptor signaling pathway	104/9575	0.18269230769230768	3.2454152989867273	5.623004249770074	4.471385648331305e-6	1.2184525891702806e-4	1.004100636818258e-4	12370/21939/13038/17329/15967/15975/16151/54123/16391/26410/18707/20750/20846/20847/142980/53791/170743/81897/22031	19	0.03525046382189239
Human Diseases	Infectious disease: viral	mmu05163	Human cytomegalovirus infection	254/9575	0.12992125984251968	2.307970432267395	5.159843314341897	5.455060062058376e-6	1.335908062053552e-4	1.1008931720125842e-4	12010/12122/12314/12370/20293/12443/12768/12575/214763/12387/14696/66066/14701/14972/14991/15007/15015/110557/15018/110558/15039/15040/15042/15967/16151/16154/16440/18707/19058/19217/72512/21354/21355	33	0.061224489795918366
Cellular Processes	Cell growth and death	mmu04210	Apoptosis	135/9575	0.16296296296296298	2.8949357520786094	5.415372807839619	5.719484057721629e-6	1.335908062053552e-4	1.1008931720125842e-4	11783/12043/12122/11799/12366/12370/12983/13032/13036/13038/13163/23882/16151/16440/16906/235587/18607/18707/22035/22142/22146/22145	22	0.04081632653061224
Metabolism	Lipid metabolism	mmu00100	Steroid biosynthesis	20/9575	0.4	7.105751391465677	6.6756222312791476	6.601592945760758e-6	1.4391472621758453e-4	1.1859703818349151e-4	13121/74754/14137/15490/16987/66234/235293/20775	8	0.014842300556586271
Human Diseases	Infectious disease: bacterial	mmu05152	Tuberculosis	180/9575	0.14444444444444443	2.5659657802514944	5.179920697528168	8.18796448745873e-6	1.673415242124378e-4	1.379025597887786e-4	11783/242341/12043/12122/12266/12314/12370/12611/12265/14129/246256/14960/15510/15967/16154/16411/16985/18044/18126/18779/12795/19058/53970/192656/20846/81897	26	0.04823747680890538
Human Diseases	Cardiovascular disease	mmu05416	Viral myocarditis	94/9575	0.18085106382978725	3.212706746141397	5.265185741129225	1.6301573203897774e-5	3.1356555515732774e-4	2.58402646451878e-4	12122/12370/12443/21939/230861/14960/14972/14991/15007/15015/110557/15018/110558/15039/15040/15042/20649	17	0.03153988868274583
Human Diseases	Immune disease	mmu05340	Primary immunodeficiency	36/9575	0.2777777777777778	4.93454957740672	5.776274599318285	1.9748337500801552e-5	3.587614645978949e-4	2.95647625742994e-4	21939/12265/227525/16151/16197/16453/16818/53970/21354/21355	10	0.01855287569573284
Environmental Information Processing	Signal transduction	mmu04630	JAK-STAT signaling pathway	171/9575	0.14035087719298245	2.4932461022686585	4.812005530622233	2.954836198893468e-5	5.085428615990336e-4	4.190792614497107e-4	12043/12443/12444/12575/12700/12983/15967/15975/16154/16157/16168/16169/246779/50931/16197/16391/16453/16880/18590/18707/12703/20846/20847/20849	24	0.04452690166975881
Human Diseases	Cancer: overview	mmu05203	Viral carcinogenesis	228/9575	0.12280701754385964	2.1815903394850764	4.410128224705876	7.783086601355012e-5	0.0012725346593215445	0.0010486685104983595	242341/12266/12370/12443/12444/12575/12579/13654/19106/14972/14991/15007/15015/110557/15018/110558/15039/15040/15042/319158/16151/54123/16391/16453/18519/18707/20684/22031	28	0.05194805194805195
Cellular Processes	Cell growth and death	mmu04218	Cellular senescence	183/9575	0.13114754098360656	2.3297545545789107	4.435789948436454	8.955384670603146e-5	0.0013944813272796328	0.0011491621431951907	12314/12442/12443/12444/12575/12579/23882/14972/14991/15007/15015/110557/15018/110558/15039/15040/15042/16440/18707/19058/18787/21813/22333/12193	24	0.04452690166975881
Human Diseases	Immune disease	mmu05330	Allograft rejection	60/9575	0.2	3.5528756957328387	4.844554886674749	1.0453138432705254e-4	0.0015537164852248264	0.0012803844204653326	21939/14960/14972/14991/15007/15015/110557/15018/110558/15039/15040/15042	12	0.022263450834879406
Human Diseases	Infectious disease: parasitic	mmu05145	Toxoplasmosis	109/9575	0.1559633027522936	2.770591138874232	4.5404747865078825	1.1509262598204063e-4	0.0016224744564536419	0.001337046389351786	12043/12370/21939/12265/14960/16145/16151/16154/15944/54396/16403/16774/18126/18607/12703/20846/239081	17	0.03153988868274583
Human Diseases	Infectious disease: viral	mmu05165	Human papillomavirus infection	359/9575	0.10584958217270195	1.8803520395243434	4.152267737717513	1.1908069405164345e-4	0.0016224744564536419	0.001337046389351786	242341/12370/12443/12444/12575/12830/12841/12387/19106/14367/14972/14991/15007/15015/110557/15018/110558/15039/15040/15042/15967/15975/16151/16362/16391/16403/16421/16774/17858/23962/18707/18759/20750/20846/20847/21416/142980/22031	38	0.07050092764378478
Human Diseases	Drug resistance: antineoplastic	mmu01523	Antifolate resistance	29/9575	0.27586206896551724	4.9005182010108115	5.137638891044154	1.433005083970667e-4	0.0018743706498336324	0.001544628637879961	239273/27416/11684/108147/14276/14450/16151/17769	8	0.014842300556586271
Organismal Systems	Immune system	mmu04623	Cytosolic DNA-sensing pathway	82/9575	0.17073170731707318	3.032942667089009	4.515265578172989	1.7167472202858053e-4	0.002159139773205609	0.0017793007627253691	56417/12370/214763/15951/15967/16151/54123/74568/26939/230073/56532/56045/72512/58203	14	0.025974025974025976
Environmental Information Processing	Signaling molecules and interaction	mmu04514	Cell adhesion molecules	181/9575	0.1270718232044199	2.257351961377218	4.170843132775111	2.0158276849566466e-4	0.002441391307336383	0.0020118981962920137	21939/16456/14960/14972/14991/15007/15015/110557/15018/110558/15039/15040/15042/15896/16403/16421/16728/216856/20969/20970/20345/20612/20737	23	0.04267161410018553
Human Diseases	Immune disease	mmu05320	Autoimmune thyroid disease	76/9575	0.17105263157894737	3.0386436871399276	4.357748499697031	2.854489885615848e-4	0.003333636402129937	0.002747178235780666	21939/14960/14972/14991/15007/15015/110557/15018/110558/15039/15040/15042/15967	13	0.02411873840445269
Human Diseases	Endocrine and metabolic disease	mmu04940	Type I diabetes mellitus	67/9575	0.1791044776119403	3.181679727521945	4.376599374894667	3.1254813739484366e-4	0.0035242496871763407	0.0029042585543767687	14960/14972/14991/15007/15015/110557/15018/110558/15039/15040/15042/15510	12	0.022263450834879406
Human Diseases	Infectious disease: viral	mmu05161	Hepatitis B	164/9575	0.12804878048780488	2.274707000316756	4.021308493836486	3.39446911528538e-4	0.0036999713356610643	0.0030490669947826573	11783/12043/12122/11799/12370/12575/13654/15967/15975/16151/54123/16453/17395/18707/230073/20846/20847/20849/21813/142980/22031	21	0.03896103896103896
Human Diseases	Immune disease	mmu05332	Graft-versus-host disease	60/9575	0.18333333333333332	3.256802721088435	4.282701531055675	4.481827362283126e-4	0.004727604991827685	0.003895917842935417	14960/14972/14991/15007/15015/110557/15018/110558/15039/15040/15042	11	0.02040816326530612
Cellular Processes	Transport and catabolism	mmu04142	Lysosome	136/9575	0.1323529411764706	2.351167739823202	3.8758656246473464	5.94510658784718e-4	0.006075155794456337	0.005006405547660783	11881/242341/13032/13034/13036/13038/235380/12091/14667/15212/52120/15932/19141/17159/67963/12492/20661/58911	18	0.03339517625231911
Genetic Information Processing	Information processing in viruses	mmu03250	Viral life cycle - HIV-1	63/9575	0.1746031746031746	3.101716877227081	4.087535605210623	6.91104732133596e-4	0.006774418460975355	0.005582652908449029	80287/69550/18519/17858/57314/56045/26943/20924/319236/209387/667823	11	0.02040816326530612
Organismal Systems	Immune system	mmu04622	RIG-I-like receptor signaling pathway	73/9575	0.1643835616438356	2.920171804711922	4.022045584175781	7.043737849332174e-4	0.006774418460975355	0.005582652908449029	56417/11793/12370/80861/15967/16151/54123/54644/230073/72512/22031/98999	12	0.022263450834879406
Human Diseases	Cancer: specific types	mmu05222	Small cell lung cancer	94/9575	0.14893617021276595	2.6457584968223267	3.9161195607696024	7.311192280727587e-4	0.006830742502279775	0.005629068342454925	11783/12043/12443/12575/12579/12830/23882/16151/16403/16774/17187/18126/18707/22031	14	0.025974025974025976
Cellular Processes	Cell growth and death	mmu04115	p53 signaling pathway	75/9575	0.16	2.8423005565862707	3.911850918767076	9.034075025461558e-4	0.008205951481460916	0.006762348557070641	11783/12043/12122/12370/12442/12443/12444/12452/12575/23882/18787/66940	12	0.022263450834879406
Cellular Processes	Cell growth and death	mmu04217	Necroptosis	177/9575	0.11864406779661017	2.107638124587277	3.6326185095244723	9.421364083482747e-4	0.008326448798105023	0.006861647810445471	12043/12122/12370/19106/319192/319162/15516/15967/15975/16391/16453/74568/56532/268749/20846/20847/20849/142980/22035/22333/58203	21	0.03896103896103896
Human Diseases	Neurodegenerative disease	mmu05012	Parkinson disease	274/9575	0.10218978102189781	1.815337946724808	3.344268187370807	0.0015779668742774366	0.013332728584560003	0.010987215572661711	11783/12314/13163/16440/50868/16574/17161/68198/50873/18951/227059/67547/67847/22142/22146/22145/73710/227613/22154/74153/67128/56791/22333/17705/17710/17711/17718/17722	28	0.05194805194805195
Organismal Systems	Development and regeneration	mmu04380	Osteoclast differentiation	136/9575	0.125	2.220547309833024	3.501176961238442	0.0015901419412777985	0.013332728584560003	0.010987215572661711	53313/12977/13038/14129/246256/15975/16151/16391/16440/16818/18707/18722/19058/12703/20846/20847/21813	17	0.03153988868274583
Cellular Processes	Cell growth and death	mmu04216	Ferroptosis	41/9575	0.1951219512195122	3.466220190958867	3.8649082326965902	0.0017565677754993797	0.014353781744154716	0.011828643574774207	11793/12870/14629/14630/14854/67547/26570/22042	8	0.014842300556586271
Human Diseases	Drug resistance: antineoplastic	mmu01524	Platinum drug resistance	81/9575	0.14814814814814814	2.6317597746169175	3.6018622673585377	0.0017997096376463101	0.014353781744154716	0.011828643574774207	11783/12043/12122/11799/12370/12575/14859/14863/56615/18607/18707/21973	12	0.022263450834879406
Human Diseases	Infectious disease: bacterial	mmu05132	Salmonella infection	252/9575	0.10317460317460317	1.8328327001796387	3.2721498197921983	0.0020002389941635927	0.015573289311702257	0.01283361359663859	12043/12370/12387/110350/56455/71999/15516/16151/16574/74568/17951/107607/18707/74734/192656/56532/21416/53791/81897/22035/22142/22146/22145/73710/227613/22154	26	0.04823747680890538
Environmental Information Processing	Signaling molecules and interaction	mmu04060	Cytokine-cytokine receptor interaction	294/9575	0.09863945578231292	1.752268625446468	3.199648057991584	0.0022448413298045036	0.017071235228978434	0.014068038688615739	11479/12156/20293/20305/20307/12768/21939/12977/12983/57266/17329/50498/245527/15967/15975/16154/16157/16168/16169/16174/246779/50931/16197/16880/56744/21813/22035/22164/21949	29	0.05380333951762523
Metabolism	Global and overview maps	mmu01240	Biosynthesis of cofactors	153/9575	0.11764705882352941	2.0899268798428463	3.319131903806799	0.0023372703157565956	0.01737016802846379	0.01431438279506432	11639/11655/72535/71883/226139/51797/14629/14630/14854/98256/110119/18104/74450/108841/94284/394435/394432/69568	18	0.03339517625231911
Human Diseases	Cancer: specific types	mmu05215	Prostate cancer	100/9575	0.13	2.3093692022263452	3.2145893041666795	0.0038729690468024052	0.0277459788739556	0.022864865899670475	12043/12443/12575/12387/15516/16151/17395/18590/54635/18607/18707/20732/21416	13	0.02411873840445269
Human Diseases	Cardiovascular disease	mmu05418	Fluid shear stress and atherosclerosis	148/9575	0.11486486486486487	2.040502933360076	3.1155906805933364	0.0039194894642441795	0.0277459788739556	0.022864865899670475	12043/12314/20293/12387/14733/14859/14863/15516/16151/16542/50868/56615/17395/18104/18590/18707/20969	17	0.03153988868274583
Organismal Systems	Immune system	mmu04625	C-type lectin receptor signaling pathway	112/9575	0.125	2.220547309833024	3.173234681201179	0.003987954150079245	0.0277459788739556	0.022864865899670475	12314/12370/56620/13654/16151/16362/16391/16440/16985/18707/12795/19058/20846/20847	14	0.025974025974025976
Metabolism	Glycan biosynthesis and metabolism	mmu00531	Glycosaminoglycan degradation	21/9575	0.23809523809523808	4.229613923491474	3.618433709539457	0.005318478009785163	0.036232131441661423	0.029858122160197408	11881/12091/15212/52120/15932	5	0.00927643784786642
Human Diseases	Endocrine and metabolic disease	mmu04936	Alcoholic liver disease	141/9575	0.11347517730496454	2.0158159975789154	2.967765975328285	0.005687366332044212	0.037954465113846064	0.03127746038675227	107476/100705/72535/12260/12266/12268/207565/12370/12443/12387/15967/16151/20250/21416/101214/22031	16	0.029684601113172542
Metabolism	Metabolism of terpenoids and polyketides	mmu00900	Terpenoid backbone biosynthesis	23/9575	0.21739130434782608	3.861821408405259	3.355925200261589	0.008013990296549773	0.05241149653943551	0.04319118980877352	110460/110196/15357/208715/192156	5	0.00927643784786642
Organismal Systems	Immune system	mmu04659	Th17 cell differentiation	105/9575	0.11428571428571428	2.030214683275908	2.592390244666711	0.014688332708610209	0.09414514301295443	0.07758299247164441	11622/50498/14960/15516/16151/246779/50931/16453/16818/19058/20846/21813	12	0.022263450834879406
Environmental Information Processing	Signal transduction	mmu04668	TNF signaling pathway	118/9575	0.11016949152542373	1.9570925442596143	2.554884227824362	0.015152524405220535	0.09414514301295443	0.07758299247164441	12370/20293/12977/15953/16151/16168/16362/26410/74568/17395/18707/56532/22031	13	0.02411873840445269
Metabolism	Metabolism of cofactors and vitamins	mmu00860	Porphyrin metabolism	47/9575	0.14893617021276595	2.6457584968223267	2.7622764685677406	0.015258998714637872	0.09414514301295443	0.07758299247164441	11655/226139/12870/15369/94284/394435/394432	7	0.012987012987012988
Human Diseases	Cancer: specific types	mmu05221	Acute myeloid leukemia	70/9575	0.12857142857142856	2.283991518685396	2.6332257750709966	0.016100908246311482	0.09606652632955082	0.07916636323954615	12443/67603/14129/16151/16480/18627/18707/18854/21416	9	0.016697588126159554
Metabolism	Glycan biosynthesis and metabolism	mmu00511	Other glycan degradation	18/9575	0.2222222222222222	3.9476396619253764	3.057052056661587	0.01615797843463393	0.09606652632955082	0.07916636323954615	12091/15212/17159/17160	4	0.0074211502782931356
Environmental Information Processing	Signal transduction	mmu04068	FoxO signaling pathway	133/9575	0.10526315789473684	1.8699345767014939	2.467364990765052	0.01736267240792184	0.09920607537592757	0.08175359824959748	12442/12443/12444/12452/12575/12579/23882/16197/18607/18707/18817/12795/21813/22035	14	0.025974025974025976
Environmental Information Processing	Signaling molecules and interaction	mmu04061	Viral protein interaction with cytokine and cytokine receptor	95/9575	0.11578947368421053	2.0569280343716434	2.5284596911002244	0.01739889824912309	0.09920607537592757	0.08175359824959748	20293/20305/20307/12768/12977/57266/17329/16154/16174/56744/22035	11	0.02040816326530612
Cellular Processes	Transport and catabolism	mmu04144	Endocytosis	270/9575	0.08888888888888889	1.5790558647701507	2.3572038457164703	0.017596184623253207	0.09920607537592757	0.08175359824959748	106952/230837/98878/14276/14773/14972/14991/15007/15015/110557/15018/110558/15039/15040/15042/245666/16574/18854/18759/234353/75788/67804/22042/21813	24	0.04452690166975881
Metabolism	Energy metabolism	mmu00920	Sulfur metabolism	11/9575	0.2727272727272727	4.844830494181143	3.1160666612570327	0.02084618769419541	0.11435883273879295	0.09424066048971833	23971/23972/59010	3	0.0055658627087198514
Organismal Systems	Digestive system	mmu04979	Cholesterol metabolism	50/9575	0.14	2.4870129870129873	2.5746621857100225	0.020983272062163844	0.11435883273879295	0.09424066048971833	16976/67963/18830/20661/59045/12257/22333	7	0.012987012987012988
Cellular Processes	Cellular community - eukaryotes	mmu04540	Gap junction	86/9575	0.11627906976744186	2.065625404495836	2.42435687941563	0.02216923408616538	0.11884163190452589	0.0979348391036814	16440/18590/54635/19091/22142/22146/22145/73710/227613/22154	10	0.01855287569573284
Organismal Systems	Immune system	mmu04062	Chemokine signaling pathway	193/9575	0.09326424870466321	1.656781412517904	2.251151775216864	0.02405051089546848	0.12684704940029345	0.10453193190560156	20293/20305/20307/12768/57266/17329/94176/14191/14696/66066/14701/14773/16151/16453/56744/18707/20846/20847	18	0.03339517625231911
Metabolism	Amino acid metabolism	mmu00310	Lysine degradation	64/9575	0.125	2.220547309833024	2.392679325780428	0.026362778098728556	0.13619074945087523	0.11223187464807359	110460/72535/93747/67956/234135/18822/26432/239122	8	0.014842300556586271
Metabolism	Metabolism of cofactors and vitamins	mmu00130	Ubiquinone and other terpenoid-quinone biosynthesis	12/9575	0.25	4.441094619666048	2.913017829185683	0.026655070228917475	0.13619074945087523	0.11223187464807359	71883/18104/69568	3	0.0055658627087198514
Human Diseases	Infectious disease: parasitic	mmu05142	Chagas disease	103/9575	0.10679611650485436	1.8971666336437485	2.235753216102544	0.029810234503880453	0.14996841050413703	0.12358574952216028	12260/12266/12370/20293/14676/16151/18126/18707/18787/21813/81897	11	0.02040816326530612
Cellular Processes	Cell growth and death	mmu04215	Apoptosis - multiple species	32/9575	0.15625	2.77568413729128	2.4572606460385744	0.03168847124509759	0.15700197116889258	0.129381955960845	11783/12043/12122/11799/12370	5	0.00927643784786642
Cellular Processes	Cellular community - eukaryotes	mmu04510	Focal adhesion	202/9575	0.0891089108910891	1.5829644188908685	2.0451793910004503	0.03571551090152168	0.17431301589250134	0.14364761650886962	12043/12443/12444/12830/12841/12387/13731/14254/16403/16421/16542/16774/18590/54635/18607/18707/329251/20750	18	0.03339517625231911
Human Diseases	Cardiovascular disease	mmu05417	Lipid and atherosclerosis	217/9575	0.08755760368663594	1.5554064105742842	2.0211670877501557	0.03681097819293665	0.17701749807485712	0.14587632225064678	11307/11783/12043/12122/12314/12370/20293/21939/15516/15510/15967/16151/54123/17395/18607/18707/19058/22035/22031	19	0.03525046382189239
Organismal Systems	Immune system	mmu04650	Natural killer cell mediated cytotoxicity	120/9575	0.1	1.7764378478664193	2.090352540677846	0.037359071010721445	0.17704951044211467	0.14590270295567795	12122/246256/14972/15040/15896/15967/15975/27007/16818/18707/19058/22035	12	0.022263450834879406
Human Diseases	Cancer: specific types	mmu05213	Endometrial cancer	58/9575	0.1206896551724138	2.14397671294223	2.1341951523925555	0.04312562393608583	0.20145827181571524	0.166017439513353	12443/12575/12387/23882/18607/18707/21416	7	0.012987012987012988
Human Diseases	Neurodegenerative disease	mmu05010	Alzheimer disease	389/9575	0.07712082262210797	1.3700034816450535	1.8195767288345643	0.048629435970193716	0.2239693741162443	0.18456835594321114	11783/53313/12122/12314/12370/12977/12387/19106/14367/16151/16440/16574/68198/18126/18707/19058/227059/67547/22142/22146/22145/73710/227613/22154/22333/17705/17710/17711/17718/17722	30	0.055658627087198514
Genetic Information Processing	Folding, sorting and degradation	mmu04120	Ubiquitin mediated proteolysis	154/9575	0.09090909090909091	1.6149434980603812	1.878884378201088	0.05159771727457756	0.23231648872029367	0.1914470340009502	245350/75430/106052/50754/50868/18854/50873/69288/75788/12703/74153/68612/67128/56791	14	0.025974025974025976
Metabolism	Metabolism of other amino acids	mmu00480	Glutathione metabolism	73/9575	0.1095890410958904	1.9467812031412814	1.9831543968776935	0.05186270237486679	0.23231648872029367	0.1914470340009502	69065/14629/14630/14782/14854/14859/14863/56615	8	0.014842300556586271
Cellular Processes	Cell motility	mmu04814	Motor proteins	198/9575	0.08585858585858586	1.5252244148348044	1.8238895122229752	0.05411191984876994	0.23824242025006417	0.196330467033692	229841/110350/56455/16551/70218/286942/73804/16571/16574/77579/17912/22142/22146/22145/73710/227613/22154	17	0.03153988868274583
Human Diseases	Cancer: specific types	mmu05216	Thyroid cancer	37/9575	0.13513513513513514	2.400591686305972	2.084667184862687	0.05464275693808811	0.23824242025006417	0.196330467033692	12443/12575/12387/23882/21416	5	0.00927643784786642
Metabolism	Lipid metabolism	mmu00564	Glycerophospholipid metabolism	101/9575	0.09900990099009901	1.7588493543231876	1.8724168843178535	0.05744721251978305	0.24599244841850246	0.20271709897034162	74596/110911/13139/75320/236899/237928/225845/104759/67916/71910	10	0.01855287569573284
Organismal Systems	Immune system	mmu04658	Th1 and Th2 cell differentiation	88/9575	0.10227272727272728	1.816811435317929	1.8799732858640923	0.05867709778789967	0.24599244841850246	0.20271709897034162	13388/14960/16151/16450/16453/16818/19058/20846/20849	9	0.016697588126159554
Human Diseases	Cancer: specific types	mmu05210	Colorectal cancer	88/9575	0.10227272727272728	1.816811435317929	1.8799732858640923	0.05867709778789967	0.24599244841850246	0.20271709897034162	12043/11799/12443/12575/12387/23882/18707/21416/21813	9	0.016697588126159554
Environmental Information Processing	Signal transduction	mmu04151	PI3K-Akt signaling pathway	367/9575	0.07629427792915532	1.3553204288899112	1.6952101245485536	0.06173500997606113	0.2482313801998009	0.2045621546149977	11876/12043/12443/12444/12575/12830/12841/12977/14178/14254/14696/66066/14701/15516/15967/15975/16151/16197/16403/16421/16453/16542/16774/18590/54635/18607/18707/20750	28	0.05194805194805195
Metabolism	Carbohydrate metabolism	mmu00650	Butanoate metabolism	27/9575	0.14814814814814814	2.6317597746169175	2.0736472630982234	0.062352189309541874	0.2482313801998009	0.2045621546149977	78894/110460/93747/208715	4	0.0074211502782931356
NA	NA	mmu04981	Folate transport and metabolism	27/9575	0.14814814814814814	2.6317597746169175	2.0736472630982234	0.062352189309541874	0.2482313801998009	0.2045621546149977	239273/27416/14276/17769	4	0.0074211502782931356
Metabolism	Xenobiotics biodegradation and metabolism	mmu00980	Metabolism of xenobiotics by cytochrome P450	76/9575	0.10526315789473684	1.8699345767014939	1.8595481497671371	0.06300674176325222	0.2482313801998009	0.2045621546149977	12409/13078/14859/14863/56615/94284/394435/394432	8	0.014842300556586271
Human Diseases	Cancer: specific types	mmu05212	Pancreatic cancer	76/9575	0.10526315789473684	1.8699345767014939	1.8595481497671371	0.06300674176325222	0.2482313801998009	0.2045621546149977	12443/12575/23882/16151/18707/19361/20846/21813	8	0.014842300556586271
Metabolism	Metabolism of other amino acids	mmu00450	Selenocompound metabolism	17/9575	0.17647058823529413	3.1348903197642692	2.1516394511614165	0.06696152991673847	0.25786321019732555	0.2124995390649134	23971/23972/232223	3	0.0055658627087198514
Human Diseases	Infectious disease: bacterial	mmu05133	Pertussis	77/9575	0.1038961038961039	1.8456497120690072	1.8195867610905603	0.06702866320113966	0.25786321019732555	0.2124995390649134	12260/12266/12268/12314/16362/15900/107607/18126	8	0.014842300556586271
Human Diseases	Neurodegenerative disease	mmu05022	Pathways of neurodegeneration - multiple diseases	481/9575	0.07276507276507277	1.2926262926262926	1.60827900079612	0.06976437819595731	0.26475880158884463	0.21818204798565663	11783/53313/12043/12122/12314/12370/12977/12387/13163/14367/15114/16440/16574/68198/18126/19058/50873/18951/67847/230908/22142/22146/22145/73710/227613/22154/74153/67128/56791/22333/17705/17710/17711/17718/17722	35	0.06493506493506493
Metabolism	Amino acid metabolism	mmu00380	Tryptophan metabolism	52/9575	0.11538461538461539	2.049735978307407	1.8537358331037996	0.0704404151016192	0.26475880158884463	0.21818204798565663	110460/72535/13078/93747/98256/17161	6	0.011131725417439703
Metabolism	Nucleotide metabolism	mmu00230	Purine metabolism	134/9575	0.08955223880597014	1.5908398637609724	1.6821556271851006	0.07440322106445814	0.27647560554633877	0.22783761474283834	11639/11717/108147/224794/14450/74167/23971/23972/18583/29863/667034/22436	12	0.022263450834879406
Human Diseases	Cancer: overview	mmu05202	Transcriptional misregulation in cancer	226/9575	0.07964601769911504	1.4148620027254668	1.5414458834793026	0.08616071062249621	0.31655434637649627	0.2608656451710383	12444/21939/12575/67603/14129/14254/23882/97114/15242/16421/16480/17187/17395/18590/18627/18854/20732/21813	18	0.03339517625231911
Metabolism	Lipid metabolism	mmu00061	Fatty acid biosynthesis	19/9575	0.15789473684210525	2.804901865052241	1.9232923611150912	0.08791194812694138	0.31655434637649627	0.2608656451710383	107476/100705/234309	3	0.0055658627087198514
Human Diseases	Infectious disease: viral	mmu05171	Coronavirus disease - COVID-19	334/9575	0.0748502994011976	1.329669047804206	1.497769232745785	0.08809310556654788	0.31655434637649627	0.2608656451710383	56417/12260/12266/12268/20293/214763/19106/15967/15975/16151/16391/17858/246730/23961/23960/246728/246727/18707/230073/20846/20847/72512/142980/170743/22031	25	0.04638218923933209
Environmental Information Processing	Signal transduction	mmu04070	Phosphatidylinositol signaling system	96/9575	0.09375	1.6654104823747682	1.6002836793377586	0.09049453993161927	0.32018667606404316	0.26385897013486254	12314/74596/110911/13139/16329/234515/16440/18707/18711	9	0.016697588126159554
Human Diseases	Cancer: overview	mmu05207	Chemical carcinogenesis - receptor activation	228/9575	0.07894736842105263	1.4024509325261205	1.5020943869311831	0.09179371163774475	0.32018667606404316	0.26385897013486254	11622/12043/11799/12443/13078/13388/14178/14859/14863/15516/16600/16647/16211/56615/18707/94284/394435/394432	18	0.03339517625231911
Organismal Systems	Immune system	mmu04672	Intestinal immune network for IgA production	43/9575	0.11627906976744186	2.065625404495836	1.7104081589025055	0.09211954014372394	0.32018667606404316	0.26385897013486254	21939/14960/16168/16169/16421	5	0.00927643784786642
Metabolism	Carbohydrate metabolism	mmu00053	Ascorbate and aldarate metabolism	31/9575	0.12903225806451613	2.2921778682147345	1.7599118397991385	0.09399975811054478	0.32018667606404316	0.26385897013486254	72535/94284/394435/394432	4	0.0074211502782931356
Metabolism	Carbohydrate metabolism	mmu00640	Propanoate metabolism	31/9575	0.12903225806451613	2.2921778682147345	1.7599118397991385	0.09399975811054478	0.32018667606404316	0.26385897013486254	107476/100705/93747/20917	4	0.0074211502782931356
Metabolism	Carbohydrate metabolism	mmu00620	Pyruvate metabolism	44/9575	0.11363636363636363	2.0186793725754764	1.654046058193206	0.09938876838955008	0.33505285838539045	0.27610987203173976	107476/100705/110460/72535/17436	5	0.00927643784786642
Metabolism	Xenobiotics biodegradation and metabolism	mmu00982	Drug metabolism - cytochrome P450	72/9575	0.09722222222222222	1.7270923520923522	1.5124410043694736	0.10938325202908088	0.35659859639439373	0.2938652524608556	14859/14863/17161/56615/94284/394435/394432	7	0.012987012987012988
Human Diseases	Cancer: specific types	mmu05218	Melanoma	72/9575	0.09722222222222222	1.7270923520923522	1.5124410043694736	0.10938325202908088	0.35659859639439373	0.2938652524608556	12443/12575/14178/23882/18590/54635/18707	7	0.012987012987012988
Human Diseases	Cancer: specific types	mmu05223	Non-small cell lung cancer	72/9575	0.09722222222222222	1.7270923520923522	1.5124410043694736	0.10938325202908088	0.35659859639439373	0.2938652524608556	12443/12575/23882/16453/16574/18607/18707	7	0.012987012987012988
Human Diseases	Cardiovascular disease	mmu05412	Arrhythmogenic right ventricular cardiomyopathy	86/9575	0.09302325581395349	1.652500323596669	1.4844744144223245	0.11019010542520703	0.35659859639439373	0.2938652524608556	53313/12387/16403/16421/16480/67451/20649/21416	8	0.014842300556586271
Metabolism	Glycan biosynthesis and metabolism	mmu00532	Glycosaminoglycan biosynthesis - chondroitin sulfate / dermatan sulfate	21/9575	0.14285714285714285	2.5377683540948848	1.7229034125244498	0.11123258970100354	0.35659859639439373	0.2938652524608556	77590/269941/338362	3	0.0055658627087198514
Human Diseases	Cancer: specific types	mmu05225	Hepatocellular carcinoma	175/9575	0.08	1.4211502782931353	1.3732359761697435	0.11650726574361579	0.369882290273421	0.3048120595847281	12443/12575/12387/14367/23882/14859/14863/50868/56615/18104/18707/21416/21813/232223	14	0.025974025974025976
Human Diseases	Infectious disease: bacterial	mmu05134	Legionellosis	60/9575	0.1	1.7764378478664193	1.4734347529603071	0.12002201744266555	0.3773769202283811	0.3109882233332225	11783/12266/12370/15510/17951/53791	6	0.011131725417439703
Organismal Systems	Endocrine system	mmu04917	Prolactin signaling pathway	74/9575	0.0945945945945946	1.6804141804141806	1.435018632214027	0.12175875566257173	0.37919155334915194	0.3124836235550713	12443/12444/12700/16362/18707/12703/20846	7	0.012987012987012988
Environmental Information Processing	Signaling molecules and interaction	mmu04512	ECM-receptor interaction	89/9575	0.0898876404494382	1.5967980654979048	1.381445744513762	0.1273098351413751	0.3927388310493364	0.3236476444507649	12830/12841/15366/16403/16421/16774/20969/20750	8	0.014842300556586271
Metabolism	Global and overview maps	mmu01212	Fatty acid metabolism	62/9575	0.0967741935483871	1.7191334011610508	1.3873931312726497	0.1345675710969512	0.4112485583990938	0.33890111363324654	107476/110460/234309/93747/54325/20250	6	0.011131725417439703
Organismal Systems	Endocrine system	mmu04919	Thyroid hormone signaling pathway	120/9575	0.08333333333333333	1.480364873222016	1.2932547478865128	0.13801961924549355	0.4119949047582168	0.33951616165492843	53313/12443/12387/18519/17979/18607/18707/72472/20525/20846	10	0.01855287569573284
Human Diseases	Cancer: specific types	mmu05226	Gastric cancer	150/9575	0.08	1.4211502782931353	1.2696821824320244	0.13859155817554694	0.4119949047582168	0.33951616165492843	12043/12443/12575/12579/12387/14178/14367/23882/16480/18707/21416/21813	12	0.022263450834879406
Human Diseases	Immune disease	mmu05322	Systemic lupus erythematosus	150/9575	0.08	1.4211502782931353	1.2696821824320244	0.13859155817554694	0.4119949047582168	0.33951616165492843	12260/12266/12268/21939/14129/246256/14960/319192/319162/97114/319158/20821	12	0.022263450834879406
Human Diseases	Cancer: specific types	mmu05217	Basal cell carcinoma	63/9575	0.09523809523809523	1.6918455693965897	1.3455396532509412	0.14213913254336566	0.41873420127640154	0.34506987132386546	12156/12575/12387/14367/23882/21416	6	0.011131725417439703
Human Diseases	Cancer: overview	mmu05208	Chemical carcinogenesis - reactive oxygen species	229/9575	0.07423580786026202	1.3187529874990886	1.1923729077333323	0.14771519745844539	0.4281385504431155	0.3528197937017144	11622/13078/14859/14863/16151/50868/56615/68198/18104/18607/18707/22333/17705/17710/17711/17718/17722	17	0.03153988868274583
Environmental Information Processing	Signal transduction	mmu04064	NF-kappa B signaling pathway	107/9575	0.08411214953271028	1.4942000589530628	1.2555052703458809	0.147950018960465	0.4281385504431155	0.3528197937017144	12043/108723/21939/245527/23882/16151/16818/230073/22031	9	0.016697588126159554
Human Diseases	Drug resistance: antineoplastic	mmu01522	Endocrine resistance	93/9575	0.08602150537634409	1.5281185788098233	1.24990189854594	0.15213977570830942	0.43406400696360914	0.3577028352895025	12043/12443/12575/13388/16450/17395/17979/18707	8	0.014842300556586271
Metabolism	Metabolism of cofactors and vitamins	mmu00670	One carbon pool by folate	37/9575	0.10810810810810811	1.9204733490447778	1.3700499610670323	0.15265247951319588	0.43406400696360914	0.3577028352895025	107747/108147/14450/17769	4	0.0074211502782931356
Human Diseases	Neurodegenerative disease	mmu05014	Amyotrophic lateral sclerosis	375/9575	0.06933333333333333	1.2316635745207174	1.1177185440563362	0.15751581943501677	0.439755066631606	0.36239271546013563	11727/11783/12043/12122/13163/15114/16440/16574/72787/68198/18126/19058/50873/230908/22142/22146/22145/73710/227613/22154/22333/17705/17710/17711/17718/17722	26	0.04823747680890538
Organismal Systems	Immune system	mmu04610	Complement and coagulation cascades	94/9575	0.0851063829787234	1.5118619981841865	1.2179872000503558	0.15868837266828595	0.439755066631606	0.36239271546013563	12260/12266/12268/14058/14068/16411/18787/21788	8	0.014842300556586271
Organismal Systems	Immune system	mmu04640	Hematopoietic cell lineage	94/9575	0.0851063829787234	1.5118619981841865	1.2179872000503558	0.15868837266828595	0.439755066631606	0.36239271546013563	12527/12977/14129/14960/16157/16197/16403/22042	8	0.014842300556586271
Environmental Information Processing	Signal transduction	mmu04350	TGF-beta signaling pathway	110/9575	0.08181818181818182	1.453449148254343	1.1682010894983696	0.16620880027442836	0.45491776295537806	0.37488796818469916	11479/12156/12579/15216/434215/75788/22042/21813/228839	9	0.016697588126159554
Environmental Information Processing	Membrane transport	mmu02010	ABC transporters	52/9575	0.09615384615384616	1.7081133152561725	1.2504620719057546	0.16694229833224883	0.45491776295537806	0.37488796818469916	239273/27416/11307/21354/21355	5	0.00927643784786642
Cellular Processes	Cell growth and death	mmu04110	Cell cycle	157/9575	0.07643312101910828	1.357786890088983	1.1039461505590495	0.17389621854666537	0.4699509377252858	0.3872764849756097	75430/12442/12443/12444/12575/12579/23882/76464/18392/18817/30939/22137	12	0.022263450834879406
Genetic Information Processing	Folding, sorting and degradation	mmu03018	RNA degradation	83/9575	0.08433734939759036	1.4982005945861365	1.1133133221823375	0.18551093237954097	0.4909119493301732	0.40455000492040666	12226/70640/433182/66583/15510/71701/24128	7	0.012987012987012988
Metabolism	Amino acid metabolism	mmu00260	Glycine, serine and threonine metabolism	40/9575	0.1	1.7764378478664193	1.2017920510558864	0.18609544720641866	0.4909119493301732	0.40455000492040666	11655/67092/17161/18648	4	0.0074211502782931356
Human Diseases	Cancer: overview	mmu05231	Choline metabolism in cancer	98/9575	0.08163265306122448	1.450153345197077	1.0939338533730478	0.18615621320165587	0.4909119493301732	0.40455000492040666	13139/236899/18590/54635/18607/18707/67916/30805	8	0.014842300556586271
Environmental Information Processing	Signal transduction	mmu04020	Calcium signaling pathway	255/9575	0.07058823529411765	1.2539561279057077	1.0038615353024116	0.19024632718391407	0.49768439191311925	0.41013102955016423	65973/53313/12314/70086/14178/14254/14676/15466/16440/16542/68279/18126/94045/18590/54635/19058/19204/22333	18	0.03339517625231911
Metabolism	Lipid metabolism	mmu00600	Sphingolipid metabolism	55/9575	0.09090909090909091	1.6149434980603812	1.116994584578738	0.19599432342207315	0.5073752240201098	0.4181170363725998	54447/12091/14667/15212/67916	5	0.00927643784786642
Human Diseases	Cancer: specific types	mmu05219	Bladder cancer	41/9575	0.0975609756097561	1.7331100954794334	1.1488849429903571	0.1977337499276446	0.5073752240201098	0.4181170363725998	12443/12575/69635/17395	4	0.0074211502782931356
Human Diseases	Neurodegenerative disease	mmu05020	Prion disease	273/9575	0.0695970695970696	1.236348685328277	0.9676077315724663	0.19860559227698488	0.5073752240201098	0.4181170363725998	11783/12260/16440/16574/68198/18707/19058/22142/22146/22145/73710/227613/22154/22333/17705/17710/17711/17718/17722	19	0.03525046382189239
Human Diseases	Infectious disease: parasitic	mmu05140	Leishmaniasis	70/9575	0.08571428571428572	1.5226610124569306	1.0718797044978854	0.2001629484192312	0.507389799481307	0.4181290476974557	12266/14129/246256/14960/18126/20846	6	0.011131725417439703
Metabolism	Glycan biosynthesis and metabolism	mmu00604	Glycosphingolipid biosynthesis - ganglio series	15/9575	0.13333333333333333	2.368583797155226	1.2955108675015938	0.20540057464911915	0.5128698201649359	0.42264501516891545	12091/15212	2	0.0037105751391465678
Human Diseases	Cancer: specific types	mmu05224	Breast cancer	147/9575	0.07482993197278912	1.3293072330973206	0.9826596726277965	0.20546160991317003	0.5128698201649359	0.42264501516891545	12443/12575/12387/13388/14178/14367/23882/16450/17979/18707/21416	11	0.02040816326530612
Human Diseases	Endocrine and metabolic disease	mmu04933	AGE-RAGE signaling pathway in diabetic complications	101/9575	0.07920792079207921	1.40707948345855	1.00444507693757	0.20799642743470045	0.5152638770541442	0.4246179060867888	12043/20293/12443/12830/18707/18787/20846/21813	8	0.014842300556586271
Genetic Information Processing	Replication and repair	mmu03440	Homologous recombination	42/9575	0.09523809523809523	1.6918455693965897	1.097417789006359	0.2095862239919927	0.5152984604915911	0.4246464055556006	12021/237911/19361/19366	4	0.0074211502782931356
Environmental Information Processing	Signal transduction	mmu04066	HIF-1 signaling pathway	117/9575	0.07692307692307693	1.366490652204938	0.9741126001412552	0.21260031778520389	0.5188082381773259	0.4275387380440864	12043/12575/433182/14254/18126/18707/18787/20525/22042	9	0.016697588126159554
Metabolism	Amino acid metabolism	mmu00280	Valine, leucine and isoleucine degradation	57/9575	0.08771929824561403	1.5582788139179116	1.0324492373399576	0.21626624930245975	0.5230438058430646	0.4310291784832595	78894/110460/72535/93747/208715	5	0.00927643784786642
Human Diseases	Immune disease	mmu05323	Rheumatoid arthritis	87/9575	0.08045977011494253	1.4293178086281533	0.9824357897464537	0.21753503851577	0.5230438058430646	0.4310291784832595	242341/20293/12977/13038/14254/14960/16168	7	0.012987012987012988
Human Diseases	Cancer: overview	mmu05235	PD-L1 expression and PD-1 checkpoint pathway in cancer	88/9575	0.07954545454545454	1.4130755608028336	0.9507347544055742	0.22583812628623776	0.5390442868291951	0.44421483157339126	74481/16151/16818/18707/19058/20846/81897	7	0.012987012987012988
Cellular Processes	Cell motility	mmu04820	Cytoskeleton in muscle cells	232/9575	0.06896551724137931	1.2251295502527029	0.8477861254961875	0.2343745854381274	0.5553658654946931	0.4576650943719345	11717/12830/12841/13007/433182/16403/16421/16480/16906/77579/67451/20969/20970/20649/20742/64009	16	0.029684601113172542
Human Diseases	Cancer: overview	mmu05204	Chemical carcinogenesis - DNA adducts	90/9575	0.07777777777777778	1.3816738816738818	0.8884807278561258	0.24276224240693553	0.5711025414896973	0.47063335142881857	13078/14859/14863/56615/94284/394435/394432	7	0.012987012987012988
Human Diseases	Cancer: specific types	mmu05214	Glioma	75/9575	0.08	1.4211502782931353	0.8942499079155349	0.246095909764612	0.5747102006043929	0.47360634590286377	12314/12443/12575/23882/18590/18707	6	0.011131725417439703
Organismal Systems	Digestive system	mmu04980	Cobalamin transport and metabolism	17/9575	0.11764705882352941	2.0899268798428463	1.098477824289391	0.24781082044409605	0.5747102006043929	0.47360634590286377	18477/21452	2	0.0037105751391465678
Human Diseases	Cancer: specific types	mmu05220	Chronic myeloid leukemia	76/9575	0.07894736842105263	1.4024509325261205	0.8602680097951797	0.2556339128212546	0.5853365961639249	0.4823633304940118	12443/12575/23882/16151/18707/21813	6	0.011131725417439703
Cellular Processes	Cell growth and death	mmu04114	Oocyte meiosis	123/9575	0.07317073170731707	1.299832571609575	0.8173771484867609	0.25597288456098244	0.5853365961639249	0.4823633304940118	75430/12314/12442/208922/16440/18817/19058/30939/70891	9	0.016697588126159554
Human Diseases	Infectious disease: parasitic	mmu05144	Malaria	77/9575	0.07792207792207792	1.3842372840517552	0.8267643980713784	0.26527072839538524	0.5996635032342473	0.4941698272266773	20293/21939/71683/27007/20969/81897	6	0.011131725417439703
Organismal Systems	Endocrine system	mmu04914	Progesterone-mediated oocyte maturation	93/9575	0.07526881720430108	1.3371037564585952	0.7978257954001924	0.2688574380663927	0.5996635032342473	0.4941698272266773	75430/12442/208922/15516/18707/18817/70891	7	0.012987012987012988
Human Diseases	Immune disease	mmu05321	Inflammatory bowel disease	62/9575	0.08064516129032258	1.432611167634209	0.8346181132992966	0.2694519606844831	0.5996635032342473	0.4941698272266773	14960/16174/20846/20849/53791	5	0.00927643784786642
Genetic Information Processing	Folding, sorting and degradation	mmu03050	Proteasome	47/9575	0.0851063829787234	1.5118619981841865	0.8591201901544154	0.2714073347971517	0.5996635032342473	0.4941698272266773	16913/16912/19186/621823	4	0.0074211502782931356
Genetic Information Processing	Replication and repair	mmu03410	Base excision repair	47/9575	0.0851063829787234	1.5118619981841865	0.8591201901544154	0.2714073347971517	0.5996635032342473	0.4941698272266773	17193/234258/235587/18973	4	0.0074211502782931356
Environmental Information Processing	Signal transduction	mmu04390	Hippo signaling pathway	158/9575	0.06962025316455696	1.2367605269956083	0.7328828167362696	0.2765413962085438	0.6069062856388846	0.5001384488123435	11576/11799/12156/12443/12444/12387/14367/18759/18787/21416/21813	11	0.02040816326530612
Environmental Information Processing	Signal transduction	mmu04330	Notch signaling pathway	63/9575	0.07936507936507936	1.4098713078304914	0.7971404628590048	0.2804272044897519	0.6113313057876592	0.5037850129780806	13388/209200/16450/18519/21888	5	0.00927643784786642
Metabolism	Xenobiotics biodegradation and metabolism	mmu00983	Drug metabolism - other enzymes	95/9575	0.07368421052631578	1.3089542036910458	0.7391025926312926	0.2866588675733637	0.6207778125595359	0.5115696765338522	14859/14863/56615/94284/394435/394432/22436	7	0.012987012987012988
Human Diseases	Drug resistance: antineoplastic	mmu01521	EGFR tyrosine kinase inhibitor resistance	80/9575	0.075	1.3323283858998145	0.7289838889597091	0.2946947036000717	0.6339813689291016	0.5224504440555289	26362/12043/16542/18590/54635/18707	6	0.011131725417439703
Organismal Systems	Endocrine system	mmu04926	Relaxin signaling pathway	130/9575	0.06923076923076923	1.2298415869844443	0.6443951895570067	0.3097545032105678	0.6620243303912136	0.5455600469343335	12830/14676/14696/66066/14701/17395/18126/18707/21813	9	0.016697588126159554
Metabolism	Carbohydrate metabolism	mmu00500	Starch and sucrose metabolism	35/9575	0.08571428571428572	1.5226610124569306	0.7565417910557489	0.31490983537712613	0.6686721829111705	0.5510383995662631	77559/74185/27357	3	0.0055658627087198514
Organismal Systems	Environmental adaptation	mmu04713	Circadian entrainment	99/9575	0.0707070707070707	1.2560671651580742	0.6254778690285014	0.3230203208115788	0.6814686768089436	0.5615837156384663	12314/14696/66066/14701/16440/18627/19091	7	0.012987012987012988
Metabolism	Carbohydrate metabolism	mmu00040	Pentose and glucuronate interconversions	36/9575	0.08333333333333333	1.480364873222016	0.705219075527804	0.33062374460873734	0.6843095076439036	0.5639247833794924	94284/394435/394432	3	0.0055658627087198514
Metabolism	Metabolism of cofactors and vitamins	mmu00770	Pantothenate and CoA biosynthesis	21/9575	0.09523809523809523	1.6918455693965897	0.7751382640169463	0.33281311587115436	0.6843095076439036	0.5639247833794924	72535/74450	2	0.0037105751391465678
NA	NA	mmu03273	Virion - Lassa virus and SFTS virus	21/9575	0.09523809523809523	1.6918455693965897	0.7751382640169463	0.33281311587115436	0.6843095076439036	0.5639247833794924	77579/22042	2	0.0037105751391465678
Metabolism	Global and overview maps	mmu01232	Nucleotide metabolism	84/9575	0.07142857142857142	1.2688841770474424	0.6045077674046245	0.3348303401315736	0.6843095076439036	0.5639247833794924	11639/11717/51797/107569/667034/22436	6	0.011131725417439703
Organismal Systems	Immune system	mmu04662	B cell receptor signaling pathway	84/9575	0.07142857142857142	1.2688841770474424	0.6045077674046245	0.3348303401315736	0.6843095076439036	0.5639247833794924	108723/12517/16151/18707/18722/19058	6	0.011131725417439703
Cellular Processes	Cellular community - eukaryotes	mmu04530	Tight junction	170/9575	0.06470588235294118	1.1494597839135656	0.4802002632587964	0.361132338005787	0.730443366230292	0.601942706437968	75723/56332/70497/12443/16456/77579/18759/22142/22146/22145/434204	11	0.02040816326530612
Metabolism	Amino acid metabolism	mmu00330	Arginine and proline metabolism	54/9575	0.07407407407407407	1.3158798873084587	0.5685001122563158	0.36187102547188776	0.730443366230292	0.601942706437968	72535/67092/17161/18126	4	0.0074211502782931356
Organismal Systems	Digestive system	mmu04970	Salivary secretion	87/9575	0.06896551724137931	1.2251295502527029	0.515178553166765	0.3653393476455922	0.7329200409822617	0.6039836809639756	12314/13010/16440/17110/17105/19091	6	0.011131725417439703
Organismal Systems	Endocrine system	mmu04922	Glucagon signaling pathway	104/9575	0.0673076923076923	1.1956793206793206	0.49002322744860083	0.3694105026681179	0.7365685022711863	0.6069902996343914	107476/100705/12314/16440/18648/19058/20525	7	0.012987012987012988
Metabolism	Amino acid metabolism	mmu00270	Cysteine and methionine metabolism	55/9575	0.07272727272727272	1.2919547984483049	0.5303120202703772	0.3748809628875599	0.7429459082680733	0.612245783089093	67870/14629/14630/14854	4	0.0074211502782931356
Metabolism	Carbohydrate metabolism	mmu00562	Inositol phosphate metabolism	72/9575	0.06944444444444445	1.23363739435168	0.48599435044894973	0.381774348502808	0.7435119797859722	0.6127122704819215	16329/234515/19062/18707/18711	5	0.00927643784786642
Organismal Systems	Endocrine system	mmu04920	Adipocytokine signaling pathway	72/9575	0.06944444444444445	1.23363739435168	0.48599435044894973	0.381774348502808	0.7435119797859722	0.6127122704819215	100705/207565/16151/109648/20525	5	0.00927643784786642
Environmental Information Processing	Signal transduction	mmu04371	Apelin signaling pathway	139/9575	0.06474820143884892	1.1502115561725017	0.4356821452711923	0.38198780612857286	0.7435119797859722	0.6127122704819215	12314/12443/14696/66066/14701/16440/18126/18787/20750	9	0.016697588126159554
Organismal Systems	Endocrine system	mmu03320	PPAR signaling pathway	89/9575	0.06741573033707865	1.197598549123429	0.45739369912487154	0.3857610439263168	0.7464133808515124	0.6151032528504335	16592/208715/17436/18607/18830/20250	6	0.011131725417439703
Organismal Systems	Endocrine system	mmu04910	Insulin signaling pathway	140/9575	0.06428571428571428	1.141995759342698	0.41335331330822067	0.390122412180907	0.7504119340185682	0.6183983747263914	107476/100705/12314/18607/18707/19087/19088/18759/12703	9	0.016697588126159554
Organismal Systems	Endocrine system	mmu04923	Regulation of lipolysis in adipocytes	57/9575	0.07017543859649122	1.2466230511343293	0.4560907107815333	0.40081925577675226	0.7664789277134385	0.6316388395127644	109648/18707/225845/19091	4	0.0074211502782931356
Human Diseases	Infectious disease: parasitic	mmu05146	Amoebiasis	108/9575	0.06481481481481481	1.1513949013949014	0.3864291873798806	0.406829271472012	0.773448673089232	0.6373824571409735	12830/14676/16774/18126/18707/18477/20706	7	0.012987012987012988
Environmental Information Processing	Signal transduction	mmu04340	Hedgehog signaling pathway	58/9575	0.06896551724137931	1.2251295502527029	0.42000015330198276	0.4137214345503709	0.7780288230165437	0.6411568604288916	12043/12443/12444/75788	4	0.0074211502782931356
Human Diseases	Immune disease	mmu05310	Asthma	25/9575	0.08	1.4211502782931353	0.5149420926513506	0.4148957823795879	0.7780288230165437	0.6411568604288916	21939/14960	2	0.0037105751391465678
Human Diseases	Substance dependence	mmu05032	Morphine addiction	92/9575	0.06521739130434782	1.1585464225215778	0.3731904043124667	0.416376281430872	0.7780288230165437	0.6411568604288916	14696/66066/14701/14773/18583/29863	6	0.011131725417439703
Environmental Information Processing	Signal transduction	mmu04152	AMPK signaling pathway	127/9575	0.06299212598425197	1.119015967159949	0.32975404482247317	0.4242011986060281	0.788033041178518	0.6494011219755372	107476/100705/207565/12443/15357/18607/18707/20250	8	0.014842300556586271
Organismal Systems	Immune system	mmu04657	IL-17 signaling pathway	93/9575	0.06451612903225806	1.1460889341073672	0.3457496922544448	0.4265499947663538	0.788033041178518	0.6494011219755372	12370/20293/15516/16151/17395/22031	6	0.011131725417439703
Human Diseases	Infectious disease: bacterial	mmu05150	Staphylococcus aureus infection	128/9575	0.0625	1.110273654916512	0.30674873419865945	0.43287424777870154	0.7888067533145383	0.6500387215468271	12260/12266/12268/14129/246256/14960/19204/20345	8	0.014842300556586271
Metabolism	Amino acid metabolism	mmu00340	Histidine metabolism	26/9575	0.07692307692307693	1.366490652204938	0.4570077997768086	0.43464770550748255	0.7888067533145383	0.6500387215468271	72535/17161	2	0.0037105751391465678
Cellular Processes	Transport and catabolism	mmu04148	Efferocytosis	163/9575	0.06134969325153374	1.0898391704701957	0.28253454720234444	0.4365031209457809	0.7888067533145383	0.6500387215468271	53313/26362/12260/12642/17289/18442/55991/19217/380713/20525	10	0.01855287569573284
Metabolism	Glycan biosynthesis and metabolism	mmu00513	Various types of N-glycan biosynthesis	43/9575	0.06976744186046512	1.2393752426975018	0.3842150969953478	0.43903005841971243	0.7888067533145383	0.6500387215468271	15212/17308/103963	3	0.0055658627087198514
Organismal Systems	Digestive system	mmu04975	Fat digestion and absorption	43/9575	0.06976744186046512	1.2393752426975018	0.3842150969953478	0.43903005841971243	0.7888067533145383	0.6500387215468271	110460/17777/67916	3	0.0055658627087198514
Human Diseases	Cardiovascular disease	mmu05415	Diabetic cardiomyopathy	217/9575	0.059907834101382486	1.0642254388139838	0.2337213626917146	0.44956300287789186	0.8033174969457412	0.6619967140450982	53313/14782/17395/68198/18707/20525/21813/22333/17705/17710/17711/17718/17722	13	0.02411873840445269
Metabolism	Glycan biosynthesis and metabolism	mmu00601	Glycosphingolipid biosynthesis - lacto and neolacto series	27/9575	0.07407407407407407	1.3158798873084587	0.40142150454636516	0.45403450040514004	0.8068982697417434	0.6649475520807544	53625/14594	2	0.0037105751391465678
Environmental Information Processing	Signal transduction	mmu04014	Ras signaling pathway	236/9575	0.059322033898305086	1.0538190622936385	0.20445367602804582	0.45946452977173435	0.8121346012722007	0.6692627005494396	12314/12977/14178/14254/14696/66066/14701/16151/16542/18590/54635/18707/225845/226525	14	0.025974025974025976
Metabolism	Lipid metabolism	mmu00561	Glycerolipid metabolism	63/9575	0.06349206349206349	1.1278970462643931	0.24874127246706845	0.4770928642291239	0.8342746877161685	0.6875078707720559	72535/13139/67916/71910	4	0.0074211502782931356
Organismal Systems	Endocrine system	mmu04929	GnRH secretion	63/9575	0.06349206349206349	1.1278970462643931	0.24874127246706845	0.4770928642291239	0.8342746877161685	0.6875078707720559	15166/16440/18707/20750	4	0.0074211502782931356
Human Diseases	Cancer: overview	mmu05205	Proteoglycans in cancer	204/9575	0.058823529411764705	1.0449634399214232	0.15853845708900113	0.48047758352839776	0.8357243075201386	0.6887024713508949	12443/12575/12387/14367/14733/16440/16542/17395/18607/18707/329251/20969	12	0.022263450834879406
Metabolism	Lipid metabolism	mmu00062	Fatty acid elongation	29/9575	0.06896551724137931	1.2251295502527029	0.29653350485631025	0.49163020469276697	0.8505982906589143	0.7009598017340483	93747/54325	2	0.0037105751391465678
Organismal Systems	Digestive system	mmu04976	Bile secretion	101/9575	0.0594059405940594	1.0553096125939125	0.13647326955728642	0.5065033782660142	0.8717189720683508	0.7183649021390562	239273/15357/20525/94284/394435/394432	6	0.011131725417439703
Metabolism	Glycan biosynthesis and metabolism	mmu00563	Glycosylphosphatidylinositol (GPI)-anchor biosynthesis	30/9575	0.06666666666666667	1.184291898577613	0.24690613898489122	0.5098064539750199	0.8722542692171702	0.7188060290345907	225651/230801	2	0.0037105751391465678
Metabolism	Lipid metabolism	mmu00565	Ether lipid metabolism	48/9575	0.0625	1.110273654916512	0.18705412427760917	0.5122661373063763	0.8722542692171702	0.7188060290345907	225845/104759/67916	3	0.0055658627087198514
Organismal Systems	Immune system	mmu04613	Neutrophil extracellular trap formation	209/9575	0.05741626794258373	1.0199643145644515	0.07126945758756795	0.5148167399355164	0.8722542692171702	0.7188060290345907	12266/14129/246256/319192/319162/97114/319158/18602/18707/20345/170743/22333	12	0.022263450834879406
Genetic Information Processing	Replication and repair	mmu03450	Non-homologous end-joining	13/9575	0.07692307692307693	1.366490652204938	0.3229335683078517	0.5293744604479745	0.8864084300454552	0.7304701692954662	227525	1	0.0018552875695732839
Metabolism	Global and overview maps	mmu01200	Carbon metabolism	122/9575	0.05737704918032787	1.0192676176282733	0.05230896035270233	0.5350281369210408	0.8864084300454552	0.7304701692954662	110460/11428/93747/433182/17436/18648/20917	7	0.012987012987012988
Organismal Systems	Immune system	mmu04660	T cell receptor signaling pathway	122/9575	0.05737704918032787	1.0192676176282733	0.05230896035270233	0.5350281369210408	0.8864084300454552	0.7304701692954662	108723/16151/16818/26410/18607/18707/19058	7	0.012987012987012988
Metabolism	Energy metabolism	mmu00190	Oxidative phosphorylation	141/9575	0.05673758865248227	1.0079079987894577	0.02310368196230995	0.5430227710703661	0.8864084300454552	0.7304701692954662	242341/226139/68198/17705/17710/17711/17718/17722	8	0.014842300556586271
Metabolism	Carbohydrate metabolism	mmu00020	Citrate cycle (TCA cycle)	32/9575	0.0625	1.110273654916512	0.15260096479463767	0.5448565579178486	0.8864084300454552	0.7304701692954662	11428/20917	2	0.0037105751391465678
Metabolism	Metabolism of other amino acids	mmu00410	beta-Alanine metabolism	32/9575	0.0625	1.110273654916512	0.15260096479463767	0.5448565579178486	0.8864084300454552	0.7304701692954662	72535/93747	2	0.0037105751391465678
Metabolism	Carbohydrate metabolism	mmu00630	Glyoxylate and dicarboxylate metabolism	32/9575	0.0625	1.110273654916512	0.15260096479463767	0.5448565579178486	0.8864084300454552	0.7304701692954662	110460/11428	2	0.0037105751391465678
Cellular Processes	Transport and catabolism	mmu04136	Autophagy - other	32/9575	0.0625	1.110273654916512	0.15260096479463767	0.5448565579178486	0.8864084300454552	0.7304701692954662	11793/18518	2	0.0037105751391465678
Environmental Information Processing	Signal transduction	mmu04015	Rap1 signaling pathway	214/9575	0.056074766355140186	0.9961333726353753	-0.013971114993885933	0.5485032396585053	0.8879235612293627	0.7317187563969639	106952/12314/12977/12387/14178/14254/16542/18590/54635/18707/18759/51791	12	0.022263450834879406
Metabolism	Glycan biosynthesis and metabolism	mmu00533	Glycosaminoglycan biosynthesis - keratan sulfate	14/9575	0.07142857142857142	1.2688841770474424	0.2458841802774539	0.5559031328824591	0.8954695785840596	0.7379372673990642	53625	1	0.0018552875695732839
Metabolism	Lipid metabolism	mmu00071	Fatty acid degradation	52/9575	0.057692307692307696	1.0248679891537036	0.043914549509664474	0.5670375251803615	0.9002169082679892	0.7418494399375671	110460/72535/93747	3	0.0055658627087198514
Genetic Information Processing	Replication and repair	mmu03460	Fanconi anemia pathway	52/9575	0.057692307692307696	1.0248679891537036	0.043914549509664474	0.5670375251803615	0.9002169082679892	0.7418494399375671	237911/208836/19361	3	0.0055658627087198514
Metabolism	Lipid metabolism	mmu00590	Arachidonic acid metabolism	89/9575	0.056179775280898875	0.9979987909361905	-0.004632323569573688	0.5672065537193693	0.9002169082679892	0.7418494399375671	11684/12409/225845/67103/225791	5	0.00927643784786642
Human Diseases	Neurodegenerative disease	mmu05016	Huntington disease	308/9575	0.05519480519480519	0.98050140953666	-0.08494972503752049	0.5701624423358876	0.9002169082679892	0.7418494399375671	11783/12370/15114/16574/68198/22142/22146/22145/73710/227613/22154/22333/17705/17710/17711/17718/17722	17	0.03153988868274583
Organismal Systems	Nervous system	mmu04727	GABAergic synapse	90/9575	0.05555555555555555	0.9869099154813441	-0.030471793799008384	0.5772789837008119	0.9002169082679892	0.7418494399375671	14696/66066/14701/15114/67760	5	0.00927643784786642
Metabolism	Lipid metabolism	mmu01040	Biosynthesis of unsaturated fatty acids	34/9575	0.058823529411764705	1.0449634399214232	0.06414384996961964	0.5781209502638462	0.9002169082679892	0.7418494399375671	54325/20250	2	0.0037105751391465678
Organismal Systems	Environmental adaptation	mmu04710	Circadian rhythm	34/9575	0.058823529411764705	1.0449634399214232	0.06414384996961964	0.5781209502638462	0.9002169082679892	0.7418494399375671	20893/18627	2	0.0037105751391465678
Metabolism	Metabolism of cofactors and vitamins	mmu00730	Thiamine metabolism	15/9575	0.06666666666666667	1.184291898577613	0.17445198306166965	0.5809390298991265	0.9003178330664188	0.7419326098986102	11639	1	0.0018552875695732839
Human Diseases	Endocrine and metabolic disease	mmu04931	Insulin resistance	110/9575	0.05454545454545454	0.9689660988362286	-0.07995127411854207	0.5910994584716693	0.911743032642622	0.7513478717415459	100705/21428/18607/18707/20525/228775	6	0.011131725417439703
Cellular Processes	Cellular community - eukaryotes	mmu04520	Adherens junction	92/9575	0.05434782608695652	0.9654553521013147	-0.08131202780300906	0.5970454266750107	0.9165908663038896	0.7553428674514592	12387/71740/75788/21416/21813	5	0.00927643784786642
Organismal Systems	Immune system	mmu04666	Fc gamma R-mediated phagocytosis	94/9575	0.05319148936170213	0.9449137488651167	-0.13107898030926743	0.6162852111063373	0.9272991099285232	0.764167301277006	230837/14129/246256/18707/67916	5	0.00927643784786642
Organismal Systems	Nervous system	mmu04725	Cholinergic synapse	113/9575	0.05309734513274336	0.94324133515031106	-0.14822890616358705	0.6175670733140566	0.9272991099285232	0.764167301277006	12043/14696/66066/14701/16440/18707	6	0.011131725417439703
Environmental Information Processing	Signal transduction	mmu04010	MAPK signaling pathway	299/9575	0.05351170568561873	0.9506021928382177	-0.21194143847742672	0.6207344213320898	0.9272991099285232	0.764167301277006	11876/12977/13163/67603/14178/14254/23882/14701/16151/16542/26410/17187/18590/54635/19058/21813	16	0.029684601113172542
Human Diseases	Substance dependence	mmu05034	Alcoholism	207/9575	0.05314009661835749	0.9440007887212856	-0.19892832460051096	0.6226307316631539	0.9272991099285232	0.764167301277006	12314/207565/14696/66066/14701/319192/319162/97114/319158/17161/109648	11	0.02040816326530612
Organismal Systems	Endocrine system	mmu04924	Renin secretion	76/9575	0.05263157894736842	0.9349672883507469	-0.13901213017677783	0.6265395643847332	0.9272991099285232	0.764167301277006	12314/16440/19058/19217	4	0.0074211502782931356
Metabolism	Glycan biosynthesis and metabolism	mmu00603	Glycosphingolipid biosynthesis - globo and isoglobo series	17/9575	0.058823529411764705	1.0449634399214232	0.04531619741736551	0.6268632019141918	0.9272991099285232	0.764167301277006	15212	1	0.0018552875695732839
Genetic Information Processing	Information processing in viruses	mmu03265	Virion - Ebolavirus, Lyssavirus and Morbillivirus	17/9575	0.058823529411764705	1.0449634399214232	0.04531619741736551	0.6268632019141918	0.9272991099285232	0.764167301277006	71740	1	0.0018552875695732839
Organismal Systems	Endocrine system	mmu04915	Estrogen signaling pathway	134/9575	0.05223880597014925	0.927989920527234	-0.2050169053050971	0.6352652475929852	0.9272991099285232	0.764167301277006	12043/12314/15516/16440/17395/17979/18707	7	0.012987012987012988
Organismal Systems	Nervous system	mmu04723	Retrograde endocannabinoid signaling	153/9575	0.05228758169934641	0.928856391041265	-0.21665216870414333	0.6364289688226852	0.9272991099285232	0.764167301277006	14073/14696/66066/14701/16440/68198/17718/17722	8	0.014842300556586271
Organismal Systems	Excretory system	mmu04960	Aldosterone-regulated sodium reabsorption	38/9575	0.05263157894736842	0.9349672883507469	-0.09810039432220725	0.639202498274478	0.9272991099285232	0.764167301277006	18607/18707	2	0.0037105751391465678
Environmental Information Processing	Signal transduction	mmu04370	VEGF signaling pathway	58/9575	0.05172413793103448	0.9188471626895273	-0.15139817972820818	0.6417223655269396	0.9272991099285232	0.764167301277006	16542/18707/19058	3	0.0055658627087198514
Organismal Systems	Nervous system	mmu04724	Glutamatergic synapse	116/9575	0.05172413793103448	0.9188471626895273	-0.21476478590583564	0.6430441472244793	0.9272991099285232	0.764167301277006	14696/66066/14701/16440/19058/67760	6	0.011131725417439703
Organismal Systems	Endocrine system	mmu04928	Parathyroid hormone synthesis, secretion and action	116/9575	0.05172413793103448	0.9188471626895273	-0.21476478590583564	0.6430441472244793	0.9272991099285232	0.764167301277006	12043/12575/16440/240047/232341/75607	6	0.011131725417439703
Organismal Systems	Endocrine system	mmu04921	Oxytocin signaling pathway	154/9575	0.05194805194805195	0.9228248560345036	-0.23579917966374425	0.6437214004702592	0.9272991099285232	0.764167301277006	12314/207565/12443/12575/16440/329251/19058/28240	8	0.014842300556586271
Metabolism	Lipid metabolism	mmu00120	Primary bile acid biosynthesis	18/9575	0.05555555555555555	0.9869099154813441	-0.013575970739073469	0.6479053377342641	0.9288832784498339	0.765472780567061	12642	1	0.0018552875695732839
Organismal Systems	Nervous system	mmu04728	Dopaminergic synapse	136/9575	0.051470588235294115	0.9143430099312452	-0.24570967285060155	0.6507304564525547	0.9288832784498339	0.765472780567061	12314/14696/66066/14701/16440/16574/17161	7	0.012987012987012988
Metabolism	Carbohydrate metabolism	mmu00520	Amino sugar and nucleotide sugar metabolism	39/9575	0.05128205128205128	0.9109937681366252	-0.136026204628401	0.6533429787261829	0.9288832784498339	0.765472780567061	15212/110119	2	0.0037105751391465678
Genetic Information Processing	Folding, sorting and degradation	mmu04141	Protein processing in endoplasmic reticulum	175/9575	0.05142857142857143	0.9135966074741585	-0.2817337496735914	0.6583864014332708	0.9320015293016429	0.7680424641919222	12043/216197/56709/15516/18453/17872/50873/103963/67128	9	0.016697588126159554
Metabolism	Lipid metabolism	mmu00140	Steroid hormone biosynthesis	99/9575	0.050505050505050504	0.8971908322557673	-0.25112496995684735	0.6619425539000692	0.9329966169194941	0.7688624945481747	13078/15490/94284/394435/394432	5	0.00927643784786642
Cellular Processes	Cell motility	mmu04810	Regulation of actin cytoskeleton	234/9575	0.05128205128205128	0.9109937681366252	-0.3366546682251073	0.672992304983892	0.9444999301705265	0.7783421281946074	329165/14178/14701/16403/16411/16421/77579/18590/54635/18707/18711/329251	12	0.022263450834879406
Cellular Processes	Transport and catabolism	mmu04137	Mitophagy - animal	101/9575	0.04950495049504951	0.8794246771615938	-0.2975126341328554	0.6791882678451677	0.9465946747317042	0.7800683622447008	12177/17684/69104/50873/75788	5	0.00927643784786642
Cellular Processes	Cellular community - eukaryotes	mmu04550	Signaling pathways regulating pluripotency of stem cells	140/9575	0.05	0.8882189239332097	-0.3253975919509883	0.6804701196812801	0.9465946747317042	0.7800683622447008	11479/12387/14367/16453/16600/16880/18707	7	0.012987012987012988
Organismal Systems	Nervous system	mmu04722	Neurotrophin signaling pathway	121/9575	0.049586776859504134	0.8808782716692989	-0.32205411685345087	0.6831692453721168	0.9465946747317042	0.7800683622447008	12043/12314/18607/18707/192656/20661	6	0.011131725417439703
Human Diseases	Endocrine and metabolic disease	mmu04934	Cushing syndrome	162/9575	0.04938271604938271	0.8772532582056392	-0.3848189355439593	0.6989648477023738	0.9634692701087428	0.7939743542502437	11622/12443/12575/12579/12387/14367/16440/21416	8	0.014842300556586271
Metabolism	Amino acid metabolism	mmu00220	Arginine biosynthesis	21/9575	0.047619047619047616	0.8459227846982948	-0.17262688449055727	0.7041870200488977	0.9634692701087428	0.7939743542502437	18126	1	0.0018552875695732839
Metabolism	Amino acid metabolism	mmu00360	Phenylalanine metabolism	21/9575	0.047619047619047616	0.8459227846982948	-0.17262688449055727	0.7041870200488977	0.9634692701087428	0.7939743542502437	17161	1	0.0018552875695732839
Genetic Information Processing	Translation	mmu03008	Ribosome biogenesis in eukaryotes	125/9575	0.048	0.8526901669758813	-0.4048776676810812	0.7130783809130424	0.9673742450536341	0.7971923603210378	30877/67973/21453/195434/217109/24128	6	0.011131725417439703
Organismal Systems	Excretory system	mmu04962	Vasopressin-regulated water reabsorption	44/9575	0.045454545454545456	0.8074717490301906	-0.31261121328325575	0.7174843310111758	0.9673742450536341	0.7971923603210378	110350/56455	2	0.0037105751391465678
Environmental Information Processing	Signal transduction	mmu04071	Sphingolipid signaling pathway	126/9575	0.047619047619047616	0.8459227846982948	-0.42519069505565193	0.7202453201968183	0.9673742450536341	0.7971923603210378	54447/12043/12122/18201/18607/18707	6	0.011131725417439703
Genetic Information Processing	Chromosome	mmu03083	Polycomb repressive complex	87/9575	0.04597701149425287	0.816753033501802	-0.41933591999261255	0.7295562283314383	0.9673742450536341	0.7971923603210378	12418/381668/17187/54383	4	0.0074211502782931356
Cellular Processes	Transport and catabolism	mmu04146	Peroxisome	87/9575	0.04597701149425287	0.816753033501802	-0.41933591999261255	0.7295562283314383	0.9673742450536341	0.7971923603210378	18126/16922/18477/22436	4	0.0074211502782931356
Cellular Processes	Transport and catabolism	mmu04140	Autophagy - animal	167/9575	0.04790419161676647	0.8509881905946919	-0.4744421360159339	0.7305653161361302	0.9673742450536341	0.7971923603210378	11793/12043/207565/69635/18518/18607/18707/78610	8	0.014842300556586271
Organismal Systems	Digestive system	mmu04974	Protein digestion and absorption	108/9575	0.046296296296296294	0.8224249295677867	-0.4532529796829485	0.7348218800469479	0.9673742450536341	0.7971923603210378	12830/12841/72472/234967/67760	5	0.00927643784786642
Metabolism	Carbohydrate metabolism	mmu00010	Glycolysis / Gluconeogenesis	67/9575	0.04477611940298507	0.7954199318804862	-0.41040166755583796	0.7358650885560176	0.9673742450536341	0.7971923603210378	72535/433182/18648	3	0.0055658627087198514
Organismal Systems	Nervous system	mmu04720	Long-term potentiation	67/9575	0.04477611940298507	0.7954199318804862	-0.41040166755583796	0.7358650885560176	0.9673742450536341	0.7971923603210378	12314/16440/19058	3	0.0055658627087198514
Metabolism	Glycan biosynthesis and metabolism	mmu00515	Mannose type O-glycan biosynthesis	23/9575	0.043478260869565216	0.7723642816810519	-0.26693784641575646	0.7366244251325839	0.9673742450536341	0.7971923603210378	216395	1	0.0018552875695732839
Organismal Systems	Circulatory system	mmu04260	Cardiac muscle contraction	89/9575	0.0449438202247191	0.7983990327489524	-0.4666583462640189	0.7457992094277143	0.9740486086581163	0.802692560168929	65973/53313/17710/17711	4	0.0074211502782931356
Organismal Systems	Sensory system	mmu04750	Inflammatory mediator regulation of TRP channels	130/9575	0.046153846153846156	0.8198943913229628	-0.5049529520154872	0.747664222547973	0.9740486086581163	0.802692560168929	11684/12314/16440/18442/18707/19217	6	0.011131725417439703
Human Diseases	Substance dependence	mmu05031	Amphetamine addiction	69/9575	0.043478260869565216	0.7723642816810519	-0.46346722934435197	0.7539062143963592	0.9744163324411441	0.8029955934490034	12314/17161/19058	3	0.0055658627087198514
Human Diseases	Cancer: overview	mmu05230	Central carbon metabolism in cancer	69/9575	0.043478260869565216	0.7723642816810519	-0.46346722934435197	0.7539062143963592	0.9744163324411441	0.8029955934490034	18648/18707/20525	3	0.0055658627087198514
Human Diseases	Endocrine and metabolic disease	mmu04930	Type II diabetes mellitus	48/9575	0.041666666666666664	0.740182436611008	-0.4407212840498036	0.7613490050579196	0.9778204036278574	0.8058008154795799	18707/12703	2	0.0037105751391465678
Human Diseases	Cancer: specific types	mmu05211	Renal cell carcinoma	70/9575	0.04285714285714286	0.7613305062284653	-0.4894663660752259	0.7625487390716912	0.9778204036278574	0.8058008154795799	12575/18707/20525	3	0.0055658627087198514
Metabolism	Lipid metabolism	mmu00592	alpha-Linolenic acid metabolism	25/9575	0.04	0.7105751391465677	-0.35388090948727186	0.7655107747056009	0.9778204036278574	0.8058008154795799	225845	1	0.0018552875695732839
Environmental Information Processing	Signal transduction	mmu04310	Wnt signaling pathway	175/9575	0.045714285714285714	0.8120858733103631	-0.6127276948422584	0.7762928365274456	0.9837778516761154	0.8107102205990199	12443/12444/12387/18163/14367/19058/21416/21888	8	0.014842300556586271
Organismal Systems	Digestive system	mmu04977	Vitamin digestion and absorption	26/9575	0.038461538461538464	0.683245326102469	-0.39498785498622535	0.7787452974735256	0.9837778516761154	0.8107102205990199	21452	1	0.0018552875695732839
Organismal Systems	Nervous system	mmu04726	Serotonergic synapse	136/9575	0.04411764705882353	0.7837225799410673	-0.6203983362595059	0.78506669615986	0.9837778516761154	0.8107102205990199	11684/14696/66066/14701/16440/17161	6	0.011131725417439703
Environmental Information Processing	Signal transduction	mmu04392	Hippo signaling pathway - multiple species	27/9575	0.037037037037037035	0.6579399436542294	-0.434691374729564	0.7912341742838481	0.9837778516761154	0.8107102205990199	213391	1	0.0018552875695732839
Organismal Systems	Sensory system	mmu04744	Phototransduction	27/9575	0.037037037037037035	0.6579399436542294	-0.434691374729564	0.7912341742838481	0.9837778516761154	0.8107102205990199	12314	1	0.0018552875695732839
Human Diseases	Endocrine and metabolic disease	mmu04950	Maturity onset diabetes of the young	27/9575	0.037037037037037035	0.6579399436542294	-0.434691374729564	0.7912341742838481	0.9837778516761154	0.8107102205990199	15242	1	0.0018552875695732839
Organismal Systems	Excretory system	mmu04966	Collecting duct acid secretion	27/9575	0.037037037037037035	0.6579399436542294	-0.434691374729564	0.7912341742838481	0.9837778516761154	0.8107102205990199	242341	1	0.0018552875695732839
Organismal Systems	Digestive system	mmu04971	Gastric acid secretion	75/9575	0.04	0.7105751391465677	-0.6145505975102357	0.8021246627915404	0.9935407755031579	0.8187556366612215	12314/15466/16440	3	0.0055658627087198514
Organismal Systems	Immune system	mmu04670	Leukocyte transendothelial migration	119/9575	0.04201680672268908	0.7464024570867308	-0.6798573128161044	0.8074776969129539	0.9937669153259266	0.8189419936373321	12387/16456/17395/18707/74734	5	0.00927643784786642
Human Diseases	Endocrine and metabolic disease	mmu04932	Non-alcoholic fatty liver disease	162/9575	0.043209876543209874	0.7675966009299342	-0.7285996136400045	0.8140457380973694	0.9937669153259266	0.8189419936373321	12122/12370/21428/68198/18707/17710/17711	7	0.012987012987012988
Metabolism	Glycan biosynthesis and metabolism	mmu00510	N-Glycan biosynthesis	54/9575	0.037037037037037035	0.6579399436542294	-0.6156174807074047	0.8160442662253975	0.9937669153259266	0.8189419936373321	17308/103963	2	0.0037105751391465678
Organismal Systems	Endocrine system	mmu04916	Melanogenesis	100/9575	0.04	0.7105751391465677	-0.7105574657456636	0.8220403926566444	0.9937669153259266	0.8189419936373321	12314/12387/14367/21416	4	0.0074211502782931356
Human Diseases	Cardiovascular disease	mmu05410	Hypertrophic cardiomyopathy	100/9575	0.04	0.7105751391465677	-0.7105574657456636	0.8220403926566444	0.9937669153259266	0.8189419936373321	53313/16403/16421/20649	4	0.0074211502782931356
Organismal Systems	Digestive system	mmu04978	Mineral absorption	55/9575	0.03636363636363636	0.6459773992241524	-0.6430531083463443	0.8239874753000929	0.9937669153259266	0.8189419936373321	15369/22782	2	0.0037105751391465678
Organismal Systems	Circulatory system	mmu04270	Vascular smooth muscle contraction	144/9575	0.041666666666666664	0.740182436611008	-0.7672269721833292	0.8281961117722152	0.9937669153259266	0.8189419936373321	12314/16440/77579/329251/19091/19222	6	0.011131725417439703
Metabolism	Global and overview maps	mmu01230	Biosynthesis of amino acids	79/9575	0.0379746835443038	0.6745966510885137	-0.709280783852096	0.8296670649878486	0.9937669153259266	0.8189419936373321	11428/433182/18648	3	0.0055658627087198514
Metabolism	Nucleotide metabolism	mmu00240	Pyrimidine metabolism	56/9575	0.03571428571428571	0.6344420885237212	-0.670050476796245	0.8316214264195477	0.9937669153259266	0.8189419936373321	51797/107569	2	0.0037105751391465678
Metabolism	Metabolism of cofactors and vitamins	mmu00830	Retinol metabolism	102/9575	0.0392156862745098	0.6966422932809487	-0.7522537005275461	0.8336595027451821	0.9937669153259266	0.8189419936373321	108841/94284/394435/394432	4	0.0074211502782931356
Human Diseases	Cardiovascular disease	mmu05414	Dilated cardiomyopathy	103/9575	0.038834951456310676	0.689878775870454	-0.772826917797091	0.8392280717632589	0.9937669153259266	0.8189419936373321	53313/16403/16421/20649	4	0.0074211502782931356
Metabolism	Carbohydrate metabolism	mmu00052	Galactose metabolism	32/9575	0.03125	0.555136827458256	-0.6156189289533411	0.8438819679293882	0.9937669153259266	0.8189419936373321	12091	1	0.0018552875695732839
Genetic Information Processing	Transcription	mmu03020	RNA polymerase	32/9575	0.03125	0.555136827458256	-0.6156189289533411	0.8438819679293882	0.9937669153259266	0.8189419936373321	26939	1	0.0018552875695732839
Organismal Systems	Immune system	mmu04611	Platelet activation	126/9575	0.03968253968253968	0.7049356539152457	-0.8142580598452035	0.8448538301547633	0.9937669153259266	0.8189419936373321	16440/18707/18759/19091/19222	5	0.00927643784786642
Genetic Information Processing	Folding, sorting and degradation	mmu04130	SNARE interactions in vesicular transport	33/9575	0.030303030303030304	0.5383144993534604	-0.6488383071108854	0.8526997002238511	0.9994007239182772	0.8235846944248477	228960	1	0.0018552875695732839
Organismal Systems	Nervous system	mmu04730	Long-term depression	60/9575	0.03333333333333333	0.5921459492888065	-0.7739786695159878	0.8592544893529245	0.9999970278730517	0.824076095720268	16440/19091	2	0.0037105751391465678
Metabolism	Global and overview maps	mmu01210	2-Oxocarboxylic acid metabolism	34/9575	0.029411764705882353	0.5224817199607116	-0.6812170280147344	0.8610202684044573	0.9999970278730517	0.824076095720268	11428	1	0.0018552875695732839
Organismal Systems	Aging	mmu04213	Longevity regulating pathway - multiple species	61/9575	0.03278688524590164	0.5824386386447277	-0.7990181265261361	0.86548350281589	0.9999970278730517	0.824076095720268	11793/18707	2	0.0037105751391465678
Organismal Systems	Endocrine system	mmu04911	Insulin secretion	86/9575	0.03488372093023256	0.6196876213487509	-0.865231748060939	0.8699825695203033	0.9999970278730517	0.824076095720268	12424/16440/20525	3	0.0055658627087198514
Metabolism	Carbohydrate metabolism	mmu00051	Fructose and mannose metabolism	36/9575	0.027777777777777776	0.49345495774067205	-0.7436539312694761	0.8762802686282384	0.9999970278730517	0.824076095720268	110119	1	0.0018552875695732839
Genetic Information Processing	Replication and repair	mmu03030	DNA replication	36/9575	0.027777777777777776	0.49345495774067205	-0.7436539312694761	0.8762802686282384	0.9999970278730517	0.824076095720268	18973	1	0.0018552875695732839
Organismal Systems	Endocrine system	mmu04913	Ovarian steroidogenesis	64/9575	0.03125	0.555136827458256	-0.8720800145693153	0.8826835983376529	0.9999970278730517	0.824076095720268	13078/15490	2	0.0037105751391465678
Organismal Systems	Endocrine system	mmu04614	Renin-angiotensin system	37/9575	0.02702702702702703	0.48011833726119446	-0.7738017103199318	0.8832710365503874	0.9999970278730517	0.824076095720268	16613	1	0.0018552875695732839
Organismal Systems	Aging	mmu04211	Longevity regulating pathway	90/9575	0.03333333333333333	0.5921459492888065	-0.9494243154541425	0.8890300051175863	0.9999970278730517	0.824076095720268	11793/207565/18707	3	0.0055658627087198514
Metabolism	Global and overview maps	mmu01250	Biosynthesis of nucleotide sugars	38/9575	0.02631578947368421	0.46748364417537347	-0.8032890396939296	0.8898674835308175	0.9999970278730517	0.824076095720268	110119	1	0.0018552875695732839
Organismal Systems	Immune system	mmu04664	Fc epsilon RI signaling pathway	66/9575	0.030303030303030304	0.5383144993534604	-0.9191867655375123	0.89299642648649	0.9999970278730517	0.824076095720268	18607/18707	2	0.0037105751391465678
Human Diseases	Infectious disease: parasitic	mmu05143	African trypanosomiasis	39/9575	0.02564102564102564	0.4554968840683126	-0.8321517574434416	0.8960918126046237	0.9999970278730517	0.824076095720268	81897	1	0.0018552875695732839
Metabolism	Amino acid metabolism	mmu00350	Tyrosine metabolism	40/9575	0.025	0.44410946196660483	-0.8604228035785422	0.9019649788175124	0.9999970278730517	0.824076095720268	17161	1	0.0018552875695732839
Organismal Systems	Endocrine system	mmu04935	Growth hormone synthesis, secretion and action	117/9575	0.03418803418803419	0.6073291787577502	-1.0436980926487498	0.9020502791400975	0.9999970278730517	0.824076095720268	16440/18707/12703/20846	4	0.0074211502782931356
Human Diseases	Neurodegenerative disease	mmu05017	Spinocerebellar ataxia	141/9575	0.03546099290780142	0.6299424992434112	-1.0811446780499305	0.9050049393682669	0.9999970278730517	0.824076095720268	53313/16440/18044/18707/22333	5	0.00927643784786642
Genetic Information Processing	Translation	mmu03013	Nucleocytoplasmic transport	118/9575	0.03389830508474576	0.6021823213106506	-1.0619434023690635	0.9055750125705981	0.9999970278730517	0.824076095720268	230673/16647/16211/72787	4	0.0074211502782931356
Metabolism	Glycan biosynthesis and metabolism	mmu00514	Other types of O-glycan biosynthesis	43/9575	0.023255813953488372	0.4131250808991673	-0.9419779649118101	0.9176697741660867	0.9999970278730517	0.824076095720268	101351	1	0.0018552875695732839
Metabolism	Metabolism of cofactors and vitamins	mmu00760	Nicotinate and nicotinamide metabolism	43/9575	0.023255813953488372	0.4131250808991673	-0.9419779649118101	0.9176697741660867	0.9999970278730517	0.824076095720268	667034	1	0.0018552875695732839
Organismal Systems	Environmental adaptation	mmu04714	Thermogenesis	238/9575	0.037815126050420166	0.6717622113780576	-1.2523518459113658	0.925616622839955	0.9999970278730517	0.824076095720268	226139/68493/68198/19091/17705/17710/17711/17718/17722	9	0.016697588126159554
Organismal Systems	Endocrine system	mmu04918	Thyroid hormone synthesis	74/9575	0.02702702702702703	0.48011833726119446	-1.0964496244367905	0.9263748255375115	0.9999970278730517	0.824076095720268	14782/16440	2	0.0037105751391465678
Environmental Information Processing	Signal transduction	mmu04022	cGMP-PKG signaling pathway	172/9575	0.03488372093023256	0.6196876213487509	-1.2292053725425736	0.9275656988293299	0.9999970278730517	0.824076095720268	53313/12314/16440/19058/19091/22333	6	0.011131725417439703
Environmental Information Processing	Signal transduction	mmu04072	Phospholipase D signaling pathway	149/9575	0.03355704697986577	0.5961200831766508	-1.2134856855087568	0.9278921592842584	0.9999970278730517	0.824076095720268	13139/18590/54635/18707/67916	5	0.00927643784786642
NA	NA	mmu04081	Hormone signaling	219/9575	0.0365296803652968	0.6489270677137604	-1.283592824221476	0.9318504578266311	0.9999970278730517	0.824076095720268	12424/14676/14696/66066/14701/18707/19091/72472	8	0.014842300556586271
Environmental Information Processing	Signaling molecules and interaction	mmu04080	Neuroactive ligand-receptor interaction	392/9575	0.04081632653061224	0.7250766725985385	-1.3574233512793346	0.9347671368392682	0.9999970278730517	0.824076095720268	12266/12424/70086/15466/109648/72075/70155/94045/74191/140795/18442/70804/19204/19217/19222/12257	16	0.029684601113172542
Human Diseases	Infectious disease: bacterial	mmu05100	Bacterial invasion of epithelial cells	77/9575	0.025974025974025976	0.4614124280172518	-1.1588803279669855	0.9361460559895165	0.9999970278730517	0.824076095720268	12387/18707	2	0.0037105751391465678
Human Diseases	Substance dependence	mmu05030	Cocaine addiction	48/9575	0.020833333333333332	0.370091218305504	-1.0684966923772163	0.938463216960662	0.9999970278730517	0.824076095720268	17161	1	0.0018552875695732839
Environmental Information Processing	Signal transduction	mmu04024	cAMP signaling pathway	224/9575	0.03571428571428571	0.6344420885237212	-1.3520854868423209	0.9413827130787616	0.9999970278730517	0.824076095720268	239273/106952/53313/12314/15166/109648/18707/19217	8	0.014842300556586271
Organismal Systems	Digestive system	mmu04973	Carbohydrate digestion and absorption	49/9575	0.02040816326530612	0.36253833629926924	-1.092571345742215	0.9419447248916165	0.9999970278730517	0.824076095720268	18707	1	0.0018552875695732839
NA	NA	mmu03272	Virion - Hepatitis viruses	52/9575	0.019230769230769232	0.3416226630512345	-1.1626329728864255	0.9512532151552795	0.9999970278730517	0.824076095720268	12527	1	0.0018552875695732839
Genetic Information Processing	Chromosome	mmu03082	ATP-dependent chromatin remodeling	136/9575	0.029411764705882353	0.5224817199607116	-1.3697756630773148	0.9523805670321306	0.9999970278730517	0.824076095720268	13445/319192/319162/116871	4	0.0074211502782931356
Human Diseases	Infectious disease: bacterial	mmu05135	Yersinia infection	136/9575	0.029411764705882353	0.5224817199607116	-1.3697756630773148	0.9523805670321306	0.9999970278730517	0.824076095720268	20293/16151/16818/18707	4	0.0074211502782931356
Environmental Information Processing	Signal transduction	mmu04012	ErbB signaling pathway	84/9575	0.023809523809523808	0.4229613923491474	-1.2973032636120598	0.9543837599701794	0.9999970278730517	0.824076095720268	12575/18707	2	0.0037105751391465678
Metabolism	Lipid metabolism	mmu00591	Linoleic acid metabolism	55/9575	0.01818181818181818	0.3229886996120762	-1.229735672654705	0.9590715174138669	0.9999970278730517	0.824076095720268	225845	1	0.0018552875695732839
Organismal Systems	Digestive system	mmu04972	Pancreatic secretion	115/9575	0.02608695652173913	0.4634185690086311	-1.4138130119899457	0.9609898664932672	0.9999970278730517	0.824076095720268	53313/12424/16440	3	0.0055658627087198514
Genetic Information Processing	Replication and repair	mmu03420	Nucleotide excision repair	58/9575	0.017241379310344827	0.3062823875631757	-1.2941948457885901	0.9656378228442872	0.9999970278730517	0.824076095720268	18973	1	0.0018552875695732839
Organismal Systems	Endocrine system	mmu04912	GnRH signaling pathway	90/9575	0.022222222222222223	0.3947639661925377	-1.4089005762817095	0.9659490494279026	0.9999970278730517	0.824076095720268	12314/16440	2	0.0037105751391465678
Organismal Systems	Excretory system	mmu04961	Endocrine and other factor-regulated calcium reabsorption	61/9575	0.01639344262295082	0.29121931932236383	-1.356276379966864	0.9711523096708978	0.9999970278730517	0.824076095720268	16613	1	0.0018552875695732839
Organismal Systems	Development and regeneration	mmu04360	Axon guidance	181/9575	0.027624309392265192	0.49072868725591695	-1.6893366557057268	0.9779340494526553	0.9999970278730517	0.824076095720268	16728/18607/18707/19058/11854	5	0.00927643784786642
Genetic Information Processing	Translation	mmu00970	Aminoacyl-tRNA biosynthesis	66/9575	0.015151515151515152	0.2691572496767302	-1.4550619043600697	0.9784503522732136	0.9999970278730517	0.824076095720268	71941	1	0.0018552875695732839
Environmental Information Processing	Signal transduction	mmu04150	mTOR signaling pathway	158/9575	0.02531645569620253	0.4497311007256758	-1.703335543217531	0.9804739367225731	0.9999970278730517	0.824076095720268	14367/18607/18707/72446	4	0.0074211502782931356
Organismal Systems	Endocrine system	mmu04925	Aldosterone synthesis and secretion	104/9575	0.019230769230769232	0.3416226630512345	-1.6487188651853462	0.983004388954785	0.9999970278730517	0.824076095720268	12314/16440	2	0.0037105751391465678
Organismal Systems	Endocrine system	mmu04927	Cortisol synthesis and secretion	72/9575	0.013888888888888888	0.24672747887033603	-1.566898957392098	0.9848174553574065	0.9999970278730517	0.824076095720268	16440	1	0.0018552875695732839
Organismal Systems	Nervous system	mmu04721	Synaptic vesicle cycle	77/9575	0.012987012987012988	0.2307062140086259	-1.6552915094765763	0.9886623597817424	0.9999970278730517	0.824076095720268	242341	1	0.0018552875695732839
Human Diseases	Cancer: overview	mmu05206	MicroRNAs in cancer	303/9575	0.0297029702970297	0.5276548062969563	-2.0405492744091336	0.9904057145826881	0.9999970278730517	0.824076095720268	12043/12443/12444/12575/13078/17395/18590/18707/12703	9	0.016697588126159554
Organismal Systems	Circulatory system	mmu04261	Adrenergic signaling in cardiomyocytes	156/9575	0.019230769230769232	0.3416226630512345	-2.0248262233291263	0.993957225353144	0.9999970278730517	0.824076095720268	53313/12043/12314	3	0.0055658627087198514
Organismal Systems	Sensory system	mmu04742	Taste transduction	92/9575	0.010869565217391304	0.19309107042026297	-1.899321756264912	0.9952832366278226	0.9999970278730517	0.824076095720268	16440	1	0.0018552875695732839
Genetic Information Processing	Translation	mmu03015	mRNA surveillance pathway	104/9575	0.009615384615384616	0.17081133152561725	-2.0764672837121356	0.9976638847579298	0.9999970278730517	0.824076095720268	230908	1	0.0018552875695732839
Genetic Information Processing	Transcription	mmu03040	Spliceosome	265/9575	0.007547169811320755	0.13407078097105052	-3.491270299003877	0.9999970278730517	0.9999970278730517	0.824076095720268	230596/101214	2	0.0037105751391465678
