coefficient	gene	logFC	AveExpr	t	P.Value	adj.P.Val	B
genotype	Gm14569	4.9205046350157255	-3.2588386069037054	13.357514278229948	1.902109620334879e-15	3.33040373424434e-11	24.432191819301003
genotype	Ddc	4.279662248078242	-3.089108072179292	10.238040279502304	3.6713291092054105e-12	3.214065068653876e-8	17.36953514992384
genotype	Ifna1	4.334024360203149	-4.301579696320431	9.36468485872514	3.8118994412987254e-11	1.9698523228920305e-7	15.208384121127503
genotype	Zfp536	4.127044327191962	-2.7597361729902827	9.304107459557097	4.5002052039340466e-11	1.9698523228920305e-7	15.022799911451338
genotype	Dnmt3c	3.862588621911472	-3.334567840253594	9.009612964189117	1.0153529505082527e-10	3.5555629620897997e-7	14.229780070195332
genotype	Gimap8	4.4096328032211485	-2.771849505403293	8.813298880555596	1.7573215805989e-10	5.12815725911769e-7	13.784316408706378
genotype	Car4	3.840942771540541	-3.64179191807655	8.558266685390462	3.6096881525463374e-10	8.802594907647787e-7	12.968524919695362
genotype	Ifna16	3.778212789432289	-4.4441579121830035	8.468492288651136	4.659539370039596e-10	8.802594907647787e-7	12.802195666058989
genotype	C2	4.3821781184200885	-2.6704674010408223	8.465899489704281	4.694090703773898e-10	8.802594907647787e-7	12.712945793691976
genotype	Sox30	3.8776414719226353	-4.153786067485664	8.441833295530678	5.027468677621671e-10	8.802594907647787e-7	12.74333049756314
genotype	Zfp366	3.754386301138393	-3.030907529990455	8.197071134363435	1.0141850554474846e-9	1.614306012348183e-6	12.073710063541949
genotype	Dhh	4.1490972447352386	-2.96196878750341	8.063538975402176	1.4916824828901472e-9	2.176489049410299e-6	11.684390797073409
genotype	Gpr15	3.5947933729034083	-3.4607472205003433	7.867504884865609	2.6379403601035643e-9	3.5528998280810235e-6	11.165603119088672
genotype	Fam3b	3.6372300641146142	-4.041492026022015	7.785537802973376	3.352266417796252e-9	4.133333007893757e-6	10.946662836139796
genotype	Insrr	3.554391456762348	-4.17496117424098	7.766834748745193	3.5410357598038926e-9	4.133333007893757e-6	10.887864519893313
genotype	Cebpe	3.4400405201450974	-3.799101785958722	7.722422200523441	4.033594278092379e-9	4.344555384780464e-6	10.75662669125501
genotype	Gpr153	-3.35502977282633	-2.1941318067970097	-7.707173917577678	4.218255842210742e-9	4.344555384780464e-6	10.754610150593894
genotype	Or10s1	3.656873897609986	-3.8566356828580894	7.658113904719667	4.872528516181921e-9	4.739616766101625e-6	10.597927405080387
genotype	Folr1	3.827842802292051	-2.3177402691547826	7.445549503703753	9.127004622577027e-9	8.410774944036905e-6	9.93571818334043
genotype	Prr33	3.4300595396906237	-2.6557189300211688	7.402750990234082	1.0362110683198136e-8	9.071509797605807e-6	9.874563982711928
genotype	Faah	3.716070784262646	-3.93949788112138	7.280664228077999	1.4897244727628469e-8	1.190338432844167e-5	9.519381543734552
genotype	Itgb4	4.00529636547618	-2.1527381133608343	7.279330400271296	1.4956562637827217e-8	1.190338432844167e-5	9.491644754229236
genotype	Oas1h	3.3474762130149647	-3.732464330496955	6.948896801164083	4.0226254995238455e-8	2.9804980065767577e-5	8.599649677227074
genotype	Gm12188	3.3730545105546983	-3.606412969004972	6.943746477559879	4.08543904037022e-8	2.9804980065767577e-5	8.587307553884699
genotype	Cndp1	3.1899079376302266	-3.845345414799337	6.80674135148461	6.174106837204901e-8	4.324097464504825e-5	8.190687247666897
genotype	Bmper	3.255131783048216	-3.215252112606253	6.775591012133659	6.783210151712079e-8	4.567970251781799e-5	8.10641528114818
genotype	Gm43302	3.242680607536762	-4.038112211846975	6.749952675544573	7.32974953210251e-8	4.753206835466032e-5	8.03345360445533
genotype	Trim17	3.8414813630512032	-2.253332925878982	6.709551171863618	8.282529985052189e-8	5.1792434824385274e-5	7.879466391268608
genotype	Atp4a	3.067192319502934	-3.245842041736251	6.510347701790777	1.5154512407597504e-7	9.149667508435332e-5	7.345304931221478
genotype	Gm20547	-3.038744139465047	-4.4990486407240695	-6.463715575023798	1.746292534578141e-7	1.0191945329309556e-4	7.235977034329227
genotype	Col9a3	3.324143342045381	-2.5410856555982564	6.436867208058647	1.8949295523149282e-7	1.0702684364994216e-4	7.102248149260159
genotype	Ccdc146	3.3734474657335465	-3.574076578237867	6.404039984055926	2.094076851504456e-7	1.1457872372809847e-4	7.037223597800674
genotype	Wdr20rt	3.4047360677791345	-3.953518742964809	6.389296353760589	2.190245020369188e-7	1.1620909109589126e-4	7.0131336955581185
genotype	Tstd1	3.4976300310682693	-3.464786708865639	6.365584075573212	2.354317910646365e-7	1.2124044793384472e-4	6.948375552247512
genotype	Klri2	3.7600682760432544	-3.6840532061076208	6.270472844626598	3.1464614032686705e-7	1.5740397917094614e-4	6.633625721517593
genotype	Gm9574	3.263389874534251	-3.909627966418334	6.195288069573761	3.9583713984128554e-7	1.9251979115225188e-4	6.45379511759353
genotype	Itgae	2.9709842233825623	-3.08227145827104	6.17697749632169	4.186117938727999e-7	1.9619055033322135e-4	6.392027218669672
genotype	Enthd1	3.1887568434979685	-3.9986714061226514	6.17140950145795	4.257947862620602e-7	1.9619055033322135e-4	6.383404036104001
genotype	Lrrn4cl	-3.034295206620782	-3.027150230931602	-6.161219737744737	4.392621317075449e-7	1.972061708735232e-4	6.365091444288186
genotype	Skint8	3.5159492008673663	-3.27959356358111	6.150339347211567	4.541147792152491e-7	1.987773917319949e-4	6.3300305704947535
genotype	Gm9027	3.5961942559461684	-3.401347408336685	6.121981026496452	4.952395552988305e-7	2.114914481396884e-4	6.2496644480598915
genotype	Rnf152	3.5656618146923207	-1.9505758966392124	6.101145813652204	5.27818797110428e-7	2.200376028239639e-4	6.146113635217152
genotype	Zic5	3.5917164245022573	-3.485433395095292	5.965506569537075	7.993894128537197e-7	3.2550021464315763e-4	5.785466771382383
genotype	Ndst3	3.2302246645135972	-3.5709148800811112	5.947870465426829	8.437496551525595e-7	3.357548343651401e-4	5.742405997136656
genotype	Grm5	3.0734861881987823	-4.163845556301171	5.833017118259047	1.1995806919566429e-6	4.667435185659747e-4	5.409546528063208
genotype	Ifnab	2.982684904766211	-4.645625532428226	5.807331301470116	1.2978297035904374e-6	4.939934843514124e-4	5.334110914829646
genotype	Or52n4	3.232192418362387	-3.722304272932651	5.766978937797304	1.4687024228684937e-6	5.471385260000948e-4	5.221944201347992
genotype	C2cd4c	2.9763256758552843	-4.512613861592173	5.721173952079224	1.690111073568454e-6	6.165032247314596e-4	5.087076572594108
genotype	Kantr	3.170682157688509	-3.406169564505894	5.671463025912318	1.968344997390772e-6	7.033418889656128e-4	4.923628625411476
genotype	Gm2237	2.841446563195262	-3.8549284569959466	5.632556744453442	2.2176963595922365e-6	7.604772041879442e-4	4.831195126096182
genotype	Oas1d	2.830458115786666	-3.961098939028162	5.630201736211	2.2337654005540997e-6	7.604772041879442e-4	4.824172429427468
genotype	Grap2	2.9379392924893137	-3.64755721517205	5.626603546605652	2.2585421564779884e-6	7.604772041879442e-4	4.815405458128512
genotype	Ltbp4	2.7203272306539845	-2.713272704666381	5.5949102464454334	2.4889929329052864e-6	8.222599483441257e-4	4.721888745169913
genotype	Gm10693	3.457860438460993	-3.5320090817753216	5.564296094894423	2.733881535806725e-6	8.864357742674065e-4	4.622461334872967
genotype	Ntrk3	3.0926753531198243	-3.7460235762098457	5.526763083559025	3.067195032950933e-6	9.709044366133198e-4	4.529968199918011
genotype	F2rl1	3.0534490852911147	-3.842181427282752	5.522734805721533	3.105297187180645e-6	9.709044366133198e-4	4.518158472954316
genotype	Icam5	2.951864238984288	-2.328166993952434	5.483063798236788	3.506721826086373e-6	0.00107717881496397	4.384919976901852
genotype	Abcb11	2.691585664530054	-3.4449498006522066	5.4535237967615675	3.838917610122651e-6	0.00115304968484246	4.317405887895282
genotype	Rab37	3.202410794774508	-2.8825446098046483	5.449593066837897	3.885426432446492e-6	0.00115304968484246	4.306381173521341
genotype	Slc2a12	-2.631173744888823	-4.086969875317018	-5.439265750289651	4.010317013069983e-6	0.0011702773430307	4.278269791190762
genotype	Gm17022	-2.938420919630738	-2.121082652374055	-5.417322732341498	4.289133751008249e-6	0.00123112201387546	4.204750131570943
genotype	Gm13283	3.0834396662763544	-4.128810302512924	5.398999558229952	4.536712961557183e-6	0.00128118237490168	4.160648786382609
genotype	Pou4f1	3.368238981849184	-3.983540055386952	5.38769930224931	4.696453408452334e-6	0.00128548878674104	4.130321795182966
genotype	Tnr	3.070710339411978	-3.5940870341801996	5.387536200671199	4.698799608854134e-6	0.00128548878674104	4.130107725540866
genotype	Otp	2.6896052298917854	-4.716291941307805	5.377059125703822	4.851986114975486e-6	0.00130697576749393	4.09903859529335
genotype	Gm28041	2.983385514037912	-2.703561467747884	5.279852232084073	6.533098958900109e-6	0.00171432470108187	3.810978621347254
genotype	Lpar4	3.015305033070461	-3.605202652120008	5.278506776206544	6.560040834569951e-6	0.00171432470108187	3.817159569610084
genotype	Tent5d	2.8612644020207947	-4.305003628990698	5.249899787480805	7.159802832344957e-6	0.0018435439381107	3.7362333373755527
genotype	E230025N22Rik	2.972078387216875	-2.259468137303018	5.198292189330688	8.383151372872574e-6	0.00212725503460327	3.582346899189657
genotype	Ntn4	-2.601007659341551	-2.815259784115129	-5.182177625997786	8.806189708005981e-6	0.00220267965139252	3.540302184532014
genotype	Aldh1l2	2.5295380283747178	-3.0552911188962653	5.170063614960509	9.138130594296697e-6	0.00225351448697944	3.508778045055661
genotype	Gm15229	2.7208864290532153	-4.341012880043847	5.160155690687417	9.418852611092244e-6	0.0022904818106613	3.480498753899208
genotype	Amigo2	2.8213025654569055	-4.069053595988676	5.14620381658543	9.828753487951676e-6	0.00235165127149683	3.4404159214683494
genotype	Timd4	2.9145056371309623	-2.88877745036376	5.142549596839108	9.939013883760695e-6	0.00235165127149683	3.4304588559924323
genotype	Entpd2	2.774519478022244	-3.7006866843260138	5.126786624986868	1.0428906728132712e-5	0.002434663038705	3.3853133538559153
genotype	Gm8750	2.4492579182382896	-4.645305200364012	5.10744684381771	1.1062870952195649e-5	0.00254868167765781	3.330930778610062
genotype	Ly6g6d	2.668726081761631	-4.170919631100047	5.0997386412672	1.132609667941944e-5	0.00257543671116824	3.3087579001854603
genotype	Scml4	2.9911398865263696	-2.7481525116865018	5.055152168474751	1.2975457831485788e-5	0.00290679965285373	3.179944282434916
genotype	Trarg1	2.4459608931247354	-4.279599080529996	5.05163285792667	1.3115379095062248e-5	0.00290679965285373	3.1726893044851128
genotype	Spns3	3.0476611237395423	-3.56151323891114	4.986254595993992	1.6004897269833782e-5	0.00350287182871899	2.9880249447364884
genotype	Calb2	2.6886934554226265	-4.3200032359082225	4.971876527445426	1.6720651544641294e-5	0.00361434429500153	2.9455993690626663
genotype	Gm11699	-3.1028153295875582	-3.6163575889402586	-4.965657731210209	1.7039986191236835e-5	0.00363449091343042	2.9077515794239437
genotype	Tbx2	3.028956176729434	-2.412556225022673	4.962030885969171	1.7229010555412966e-5	0.00363449091343042	2.9198489913963277
genotype	Xntrpc	2.87152137325796	-3.579162539059118	4.945496022992457	1.8117480581830065e-5	0.00377641627984836	2.8689976167081204
genotype	Inpp5j	2.6562256313131383	-1.5793707495126994	4.939672548533855	1.8441096608486658e-5	0.0037986489472705	2.856218565472438
genotype	Tmem25	2.8214963628888428	-2.4390666849781284	4.933534628167979	1.8788394251275236e-5	0.00382518598773928	2.8383585078954425
genotype	Ifna11	2.5612447778381053	-4.747491567539597	4.918017537742266	1.9695585040317956e-5	0.00396379308587272	2.7940173747051835
genotype	Hip1r	2.675509897847008	-2.7378915188117467	4.9088380535189495	2.025256517393819e-5	0.00401493859948357	2.7689787758756133
genotype	Eva1c	-2.453742778479071	-3.8649725376477906	-4.906005700937222	2.0427554950513375e-5	0.00401493859948357	2.7542231122526575
genotype	Trib2	-2.5230082024558063	-3.839148895624808	-4.902636877287976	2.063764201002464e-5	0.00401493859948357	2.742746989691602
genotype	Enpp5	2.8482391978604102	-3.1704777148952825	4.883570213920027	2.186768335744349e-5	0.00420748646049975	2.699342170405415
genotype	Slc16a4	2.7237159151300467	-4.2209651640950145	4.86785464166163	2.2935955243803217e-5	0.00436506130830163	2.6506968466761993
genotype	Gm15056	2.8999292586317105	-2.9413389085976016	4.838616331861166	2.5062864399419964e-5	0.00471855583623058	2.5731744427227
genotype	Aplnr	2.8528863581035293	-3.9298993127963704	4.828519618131912	2.584181819285048e-5	0.00481345100785764	2.5376618878006765
genotype	A4galt	-2.6964483684231073	-2.2925492325494172	-4.817537620302439	2.6716309856159292e-5	0.00492395651864729	2.4953164092176143
genotype	Vmn2r13	3.018943944221582	-2.693329352411649	4.807211984875561	2.7565238765173876e-5	0.00502749755770238	2.485692628309022
genotype	Axdnd1	2.652441570179711	-1.6450941236603946	4.803369195685287	2.7887949822819225e-5	0.00503391869533754	2.474761693629723
genotype	Tlr12	2.604877645155258	-3.943786801913825	4.7762798593502565	3.0271453221587903e-5	0.00540839667813043	2.393742017231638
genotype	Gabrd	2.993145600500642	-2.735222296635056	4.762049879625489	3.1603167506156124e-5	0.00557068613334732	2.358878525720634
genotype	Kit	3.196049831466235	-3.9575385071803777	4.759829461628444	3.181612960961408e-5	0.00557068613334732	2.353286258799982
genotype	Me3	2.646494584151663	-3.712662054365767	4.727281919410043	3.51056940075449e-5	0.00608579798394162	2.2595587779749966
genotype	C9	2.4445183955152374	-4.777705740821656	4.718868662919698	3.600936506666411e-5	0.00618125463678648	2.2341370981248323
genotype	Gpr161	2.6413503042379576	-3.1841855928376392	4.714810748003845	3.6453412193630565e-5	0.00619672615629395	2.222155220456508
genotype	Fam167b	2.720069563390563	-3.958478395054079	4.677215208124334	4.083348197875785e-5	0.00687455226890453	2.1134141096822967
genotype	Trim34b	2.46546197418213	-3.827962424957502	4.617755366053528	4.884465781575996e-5	0.00814496298758229	1.9508045479343632
genotype	Cdhr1	-2.3480548581414484	-3.648713229720513	-4.602077066753721	5.120382253781037e-5	0.00833796574670062	1.8967939333879944
genotype	Zgrf1	3.4907486560706285	-3.979889208642351	4.60113515667274	5.134908252679987e-5	0.00833796574670062	1.878127458666608
genotype	Abca13	2.7424299428997565	-3.0722469387945637	4.600607012973603	5.143070995737432e-5	0.00833796574670062	1.9009507473134004
genotype	Ms4a8a	2.8625785786068194	-3.747520922828899	4.5926391030497555	5.267784617103883e-5	0.00846180191384145	1.8829425735621772
genotype	Efhb	2.74813785125212	-4.371480375837447	4.566845853500633	5.6923211435228494e-5	0.00900853250839476	1.8033625092326204
genotype	Fbxo39	2.801209768819181	-3.728431692551148	4.56319828526132	5.7550195739170094e-5	0.00900853250839476	1.7918006128764716
genotype	Rhod	2.8389382275807415	-1.6028629408664996	4.562765880682311	5.762497235365888e-5	0.00900853250839476	1.802991521590372
genotype	Gm20403	-2.590543337894209	-2.487839526160583	-4.543287576079917	6.10946419174772e-5	0.00941005791093587	1.752954889157607
genotype	Styk1	2.779522421846042	-2.726588714201871	4.542341594072793	6.126829641022843e-5	0.00941005791093587	1.7498030480091504
genotype	Gm6981	2.7377999988627275	-2.9111562310542096	4.537129352646558	6.223387492727749e-5	0.00946842372861536	1.737701717181939
genotype	Dppa2	2.659107864609313	-3.9484720961172832	4.534482905497362	6.272986192925825e-5	0.00946842372861536	1.7152924086492396
genotype	Duoxa2	2.1997781273511823	-4.645625532428226	4.474633872706591	7.5047025201029e-5	0.01123075524995569	1.5555217366364102
genotype	Ctrl	2.5607496958219556	-3.9593812828404062	4.453330502919331	7.998295082227177e-5	0.01186797869446742	1.4915434290482477
genotype	Hspb7	-2.5963278384824133	-4.000744295175904	-4.382040015796272	9.893985231482048e-5	0.01447892115629695	1.2778808086399067
genotype	Ankrd22	2.6635500520246818	-4.204297791898691	4.381046670644231	9.923299667346136e-5	0.01447892115629695	1.2892943954162153
genotype	Rbpms2	-2.724949487675023	-2.7216850454344925	-4.37359379218506	1.014598090026786e-4	0.01468148591593305	1.2722815392163556
genotype	Cubn	2.508748510296945	-2.167085591362084	4.359845280351749	1.056972923093316e-4	0.01516929418888595	1.2470252474047934
genotype	Samd15	2.796166266397274	-2.4946818272019575	4.332794346681523	1.145487448460401e-4	0.01630596726430338	1.1773013294870385
genotype	Adgrg7	2.5022084580128343	-4.2051753475230385	4.320894320935368	1.1866954260640818e-4	0.01665558760000614	1.1271489816935558
genotype	Gm29603	2.1973184551129914	-4.574959123548647	4.320220081114087	1.189073305157786e-4	0.01665558760000614	1.1297916919589488
genotype	Pcdhga6	2.886337493500275	-2.6641698309462294	4.316426004045407	1.2025415958497551e-4	0.01671055619185188	1.1297665452696446
genotype	Dqx1	2.7633036627213117	-2.8720414908945022	4.309342724267933	1.2280880470040003e-4	0.01693117607479767	1.1107314441810328
genotype	Apobec4	2.5629726115287603	-4.615411359146167	4.296322868275444	1.2764425217106712e-4	0.01746033758799386	1.0581030668331666
genotype	H4c8	2.6674645535440313	-2.4051807338269255	4.291534145439777	1.2946934699282066e-4	0.01757270384881625	1.0673758015312114
genotype	Gjb2	2.566448557418982	-3.754514874607988	4.282945937569037	1.3280688950598023e-4	0.01788704483354006	1.0213686121427932
genotype	Saxo2	2.2824237229728057	-4.258637516613666	4.27399216688706	1.363763864383823e-4	0.01822758893243997	1.0021391816502971
genotype	B3gnt4	2.908878775557958	-2.6467395710795385	4.253369192515037	1.4495982916395327e-4	0.01904826668246818	0.9496224395363244
genotype	Greb1l	2.324384558269369	-4.310691887930468	4.251720610682799	1.4566841699179865e-4	0.01904826668246818	0.9406697257556198
genotype	Fam167a	2.2023496928398116	-3.8796011312223286	4.2514609645238535	1.4578032642930698e-4	0.01904826668246818	0.941509213990476
genotype	Calml4	2.1175286019193944	-4.595580396870566	4.236503955784681	1.5237122648183675e-4	0.01976198373681837	0.9014969922445388
genotype	Gm15568	2.0379351427462464	-4.351250942359307	4.2077457390208926	1.6587474877031248e-4	0.02135515423690736	0.8237934128901534
genotype	Fzd6	-2.2606946516260726	-3.174990529530282	-4.201032710941898	1.691918934930131e-4	0.02162321797933698	0.7859089687517171
genotype	Dbndd1	-2.316202258434112	-2.358419141928303	-4.190704706076889	1.7442262039687174e-4	0.02213018594586106	0.7941367952359641
genotype	Ngb	2.036522870803599	-4.226609678807302	4.168966147932227	1.859552054064572e-4	0.02342366684504791	0.7183794599538231
genotype	Ifna14	2.1991748198296386	-4.839119540335506	4.1620043544991185	1.8980395645698547e-4	0.02356934378443516	0.697870366542781
genotype	Necab3	2.1991748198296386	-4.839119540335506	4.1620043544991185	1.8980395645698547e-4	0.02356934378443516	0.697870366542781
genotype	A1cf	3.389670131306184	-2.8201040790864873	4.14920907906819	1.97082081280438e-4	0.02427970442024773	0.6713090433674296
genotype	Gm12166	2.617027695236251	-4.5778093663880455	4.1470563665483455	1.9833312698225487e-4	0.02427970442024773	0.648339155003538
genotype	Nlrp6	2.425725811248049	-3.845345414799337	4.144745748397895	1.9968458715607256e-4	0.02427970442024773	0.6474763126994763
genotype	Thy1	2.2825712805496696	-4.142862135356012	4.13919785731417	2.0296640068499412e-4	0.02450854282478318	0.634881208442799
genotype	Ebf1	-2.3958629152248667	-3.370405494626463	-4.134704202726263	2.056632218253909e-4	0.02466409144479979	0.6250899350235892
genotype	Cxcr5	2.4966247184854637	-3.485019090194363	4.127465102093686	2.1008159138064463e-4	0.02502257539784835	0.6137033252460702
genotype	Gm5073	2.4155846123105125	-4.274023407042979	4.120506049663909	2.14416506087684e-4	0.02536634192627877	0.5817318523070796
genotype	Muc1	2.337675072995054	-1.0537534633870018	4.116435053688191	2.169928322657728e-4	0.02549884228282829	0.5681320757559893
genotype	Atp13a4	2.467833567041516	-2.0150859314686143	4.108311034448692	2.222249176900491e-4	0.02566056473269389	0.5611866719025702
genotype	Tmem156	2.7996402003223007	-2.152488666487493	4.108106046859395	2.223585181548786e-4	0.02566056473269389	0.5665072073204929
genotype	1700003E16Rik	2.324399103751579	-4.381465115641366	4.1074819316094136	2.2276576842592216e-4	0.02566056473269389	0.5483651827894747
genotype	Chrna2	2.591752807839594	-2.2916477972819793	4.095924077609416	2.3044069783698668e-4	0.02637115149299215	0.5388907889789918
genotype	Clec9a	2.7681736144617672	-3.293732875332315	4.083055363638526	2.3929035612085003e-4	0.02715434875164597	0.5003674159073261
genotype	Bspry	2.4795777099087277	-4.134108856454808	4.079323903329799	2.4191797168721988e-4	0.02715434875164597	0.4841851915101323
genotype	Bicd1	-2.2923820990082304	-3.910720634434333	-4.079296745944956	2.419371983126833e-4	0.02715434875164597	0.4791238230876509
genotype	Pcdhb17	-2.7000063132086995	-3.4333558685460517	-4.067065755088909	2.507498746112961e-4	0.02776801283820036	0.4019712544593866
genotype	Pdcd1	2.038776287042043	-4.513545324034796	4.065709504925929	2.517461849948092e-4	0.02776801283820036	0.4391916576347965
genotype	Sstr5	2.224468580656146	-4.442878915155217	4.065144275074245	2.5216254733416286e-4	0.02776801283820036	0.4504083923857003
genotype	Shank1	2.605462219751396	-2.8926510988522525	4.048119743470592	2.6502332699559675e-4	0.0289212172347454	0.40825987429273614
genotype	1700012B09Rik	2.3923847188522123	-2.473158371560249	4.046463938745525	2.6630781867775685e-4	0.0289212172347454	0.40606621621264694
genotype	Gm12424	2.8412619773366647	-2.8316499937660407	4.044818587659906	2.675902217161891e-4	0.0289212172347454	0.4000899258082393
genotype	Zfp599	2.2839367831582504	-4.187971107734087	4.038740390589535	2.7238011820819634e-4	0.02925830361783625	0.3635851613408416
genotype	Syce1	-2.46462042989821	-3.644602587023549	-4.036378873550967	2.7426359308792313e-4	0.02928098324010028	0.3598903416728021
genotype	Pcyt1b	2.3185150237720653	-3.512697123699751	4.028476341329342	2.8065933566479327e-4	0.0297822079282113	0.3502992219201566
genotype	Cnr1	2.2811305012946255	-4.336378000292121	4.0230773389866235	2.85112363668429e-4	0.03007248418958146	0.3214845127345134
genotype	Egr3	-2.532259892595877	-3.631874206820844	-4.020279852546658	2.874467393729652e-4	0.0301371554471931	0.28852992295704993
genotype	Awat1	-2.0005050675458875	-4.777705740821656	-4.010050807969842	2.9614225735769456e-4	0.0308640165718802	0.2766581277237101
genotype	Kazald1	-2.2586041802397863	-2.9233051472497427	-3.983280423957846	3.201317728693808e-4	0.03316678823177507	0.2256939549058341
genotype	Efhd1	2.421359768329949	-1.6162586535857515	3.9788506442760943	3.2428000537202133e-4	0.03339893302387483	0.22738097630912435
genotype	Shox2	2.3548383253950314	-3.0045309745925843	3.9563268675093854	3.46196163037487e-4	0.03544765274048748	0.15687578314471118
genotype	Mageb3	2.442468222122215	-3.482269407578707	3.950113240295166	3.5249194526573285e-4	0.03588245040498672	0.1224697409869222
genotype	Htr7	2.4148171047809	-3.693181198113925	3.9352882545504495	3.679668285407698e-4	0.03724122081456843	0.08363499047876033
genotype	Gm16147	2.3147913633445483	-4.1880512841870345	3.931066938302741	3.724929135624238e-4	0.03748263461818665	0.09099740512927568
genotype	Txlnb	2.388203478598366	-1.49207114039163	3.9265495600425058	3.7739648121634304e-4	0.03775905708352543	0.07569825367751637
genotype	Ankmy1	2.1448235842179395	-3.619198038562847	3.922614289739198	3.8171935699344114e-4	0.03781889990574757	0.07458287706250832
genotype	Tgfa	2.040239185043803	-4.879571775933027	3.922075874344615	3.823145401403461e-4	0.03781889990574757	0.05475851572110457
genotype	Ifna6	2.0390074807479164	-4.879571775933027	3.9009286023871863	4.064195922893603e-4	0.03991564215883173	-0.00142603239559679
genotype	Tbx18	-2.171610289572744	-3.4963704395351463	-3.89952558868793	4.080701322994392e-4	0.03991564215883173	-0.02317713453867131
genotype	Pla2g4c	2.4540712913856173	-3.212278777611217	3.8913340068019	4.17837907285969e-4	0.04064402177038907	2.4380202839324736e-4
genotype	Orc1	2.3790831064327613	-2.032651202388008	3.889005791966282	4.206553716520168e-4	0.0406920160345589	-0.04550154927296024
genotype	Sdcbp2	1.974258865165324	-1.4234764170708265	3.886398439287148	4.238325700137243e-4	0.0407463160417644	-0.06333740797048115
genotype	Rasgef1c	2.2197589976260876	-4.571201799421269	3.8847355814407782	4.2587102836500574e-4	0.0407463160417644	-0.0466735369452218
genotype	Ston1	2.5721206876823963	-2.1677817167875864	3.879245236587321	4.326694598054429e-4	0.04095745999165166	-0.0323491082763363
genotype	Vldlr	2.3303259343046823	-1.53085748648804	3.8791756475118553	4.327563023848053e-4	0.04095745999165166	-0.06068232077191471
genotype	Tppp3	2.5818133556291394	-2.002524917078039	3.859290319849588	4.582789251736586e-4	0.04295232895317838	-0.08928518916884176
genotype	Krt17	2.3272076252813756	-4.676825158660018	3.8589407795347546	4.587403914697788e-4	0.04295232895317838	-0.11696995934412067
genotype	Gm28042	-2.5350619586323697	-3.751149530488368	-3.853511973065437	4.659657978630645e-4	0.04339678273821487	-0.12192919961482485
genotype	Gm13290	2.47410927078931	-3.756271501905673	3.851438686100708	4.687542996650482e-4	0.04340253122499154	-0.1204386195060234
genotype	Rasd1	2.564475839066732	-3.101908215607663	3.8497885503655342	4.70985260880027e-4	0.04340253122499154	-0.11193249604248834
genotype	Nhsl1	2.255923720671597	-1.3000014196178635	3.8457409296627048	4.765013733493354e-4	0.04351975871568392	-0.15386514666314177
genotype	Dscam	2.038319617589021	-3.5589612918808227	3.845210783012282	4.772284923988414e-4	0.04351975871568392	-0.14891638370367222
genotype	Rbm11	2.4261035020886976	-1.96766585775352	3.8308065428131246	4.97402274657255e-4	0.0448180011185475	-0.19654550827263595
genotype	Msantd1	2.6374044161911265	-2.882226704912032	3.830786556203539	4.974308341780054e-4	0.0448180011185475	-0.1688068873342301
genotype	Gas1	-2.580250258277938	-2.8922719121005036	-3.8295897602255455	4.991438813248479e-4	0.0448180011185475	-0.2263419062088552
genotype	Fam222a	2.2532686395810946	-4.062964974139533	3.80474641358016	5.360253004241507e-4	0.04770977740110042	-0.2375003926151615
genotype	Ccdc158	2.0758824881120996	-4.737253505224135	3.804107123537757	5.370084467053392e-4	0.04770977740110042	-0.25767000709682986
genotype	Diras1	2.205699262415755	-4.645145593320835	3.802476167627948	5.3952458309543e-4	0.04770977740110042	-0.263725856881897
genotype	Gpr83	2.1154627265281105	-4.6246639685118955	3.7945099931343536	5.519796379303442e-4	0.04856588683679595	-0.2610054236011594
training_status	Siglech	4.663875729001786	-2.777967867277648	11.92012992629182	5.3484663980735117e-14	9.36462981638691e-10	21.34147290785561
training_status	Cd209a	4.981230410704253	-3.3458742665721384	11.267671123506338	2.642404707334026e-13	2.097303084884221e-9	19.90981949567978
training_status	Neurog3	4.54108736152335	-4.221827089389576	11.14456217742926	3.593528616513029e-13	2.097303084884221e-9	19.562378132175283
training_status	Chp2	4.1780203380039485	-3.61654960464894	10.678033737869832	1.172659169424606e-12	5.133022349363857e-9	18.40095335494928
training_status	Cyb561	4.3947967772334655	-2.6140322667563516	9.782807726182838	1.2279634108378595e-11	4.3000822720720177e-8	16.138274080333154
training_status	Zfp820	-4.153812561311372	-2.8611682248166757	-9.425365513358257	3.229491641212672e-11	9.424194857665445e-8	15.372921967744842
training_status	Kbtbd11	3.818895103728893	-3.495013259319032	9.027365018038354	9.664485592137156e-11	2.417363974753278e-7	14.2707869539662
training_status	Ltbp4	3.728240296877152	-2.713272704666381	8.746338443554485	2.12124867880404e-10	4.642617889647492e-7	13.528367402741882
training_status	Zbtb7c	3.885185224275996	-3.0564072194848015	8.271425847951974	8.188546907605483e-10	1.4615363978568531e-6	12.28888868033808
training_status	C1qtnf1	4.030628133749055	-2.629464633934026	8.26474104976391	8.34734363959594e-10	1.4615363978568531e-6	12.2919556270822
training_status	Sox12	4.01255084957481	-2.93288658908184	8.110746640424773	1.3011781430899502e-9	2.0711207370329035e-6	11.80218208658471
training_status	Gnao1	3.4201278651255262	-3.158350781335432	7.827014932414903	2.969170564031696e-9	3.809726820553808e-6	11.041004484156996
training_status	Gper1	3.7928684708407214	-3.553136220842238	7.824900184486151	2.987585226908033e-9	3.809726820553808e-6	11.067762337560737
training_status	Camp	-3.463063062476831	-3.5489289341992847	-7.818254008441309	3.046214831672472e-9	3.809726820553808e-6	11.038629324819452
training_status	B4galnt2	-3.836730021433085	-3.254141648334261	-7.700068563135199	4.307204755321973e-9	5.027656537395495e-6	10.750098115251587
training_status	Gabbr1	3.574486017581116	-3.0696372100319316	7.588393592057813	5.983233074468861e-9	6.547526743804704e-6	10.403092085998631
training_status	Sytl3	3.756863523305461	-3.1460427896392305	7.525172581040232	7.210949417084377e-9	7.426853726101786e-6	10.240406268796646
training_status	Tmem74b	3.4655057226594335	-4.148797869164353	7.491683806154182	7.961600331931602e-9	7.74442556732169e-6	10.123796841024426
training_status	Slc6a13	-3.3816480486506633	-2.9790559161530106	-7.399088616675707	1.0475351355712466e-8	9.653311941429976e-6	9.877718111318686
training_status	Hhipl1	3.334033339172134	-3.451105750335743	7.17080606209792	2.0677133744720377e-8	1.8101796736815457e-5	9.224607768245672
training_status	Cspg4	3.4534412148715647	-3.58266480348972	7.136960680316948	2.287979086835884e-8	1.9076298014956905e-5	9.134124929840194
training_status	Itgae	3.237551325803254	-3.08227145827104	7.050409894371767	2.9653157812640162e-8	2.359987000643257e-5	8.87849614991961
training_status	Kcna2	-3.245704522959195	-3.382991298343843	-6.691584681178835	8.745423090162987e-8	6.506507503746942e-5	7.883624521777074
training_status	Gm20547	-3.1726244149228107	-4.4990486407240695	-6.682107100803802	9.000019350122012e-8	6.506507503746942e-5	7.853012584110192
training_status	Pappa	3.4868817808803287	-2.753509054579184	6.6716276308519715	9.290232885583046e-8	6.506507503746942e-5	7.795961145118634
training_status	Prr33	3.1296232239679456	-2.6557189300211688	6.632969700636831	1.0444779861556702e-7	6.783353034788522e-5	7.696528700622082
training_status	Iqsec3	3.313689643025111	-2.9550447413339036	6.622858527784326	1.076991763312215e-7	6.783353034788522e-5	7.642476962272431
training_status	Proser2	-3.2193674794240557	-3.831989919784257	-6.620482607321157	1.0847785994293143e-7	6.783353034788522e-5	7.673401022318432
training_status	Aldh1l2	2.955316033554325	-3.0552911188962653	6.404652479491748	2.0901749116077946e-7	1.261961121632444e-4	7.040257124381113
training_status	Podxl	3.5592605019335624	-3.606298100124752	6.357752475130136	2.411178719440414e-7	1.4072442732894068e-4	6.88846941553017
training_status	Baalc	3.0844930854023893	-4.050123304616147	6.298367798990687	2.889757391702365e-7	1.6321536184295707e-4	6.743476581542419
training_status	Cadm4	3.7255656113358024	-2.1635544231328048	6.262502255517937	3.223935232459178e-7	1.7639963120352417e-4	6.6101031391221206
training_status	Mdfi	3.206065509662277	-4.057991976523034	6.243122382693941	3.420398357302101e-7	1.7868738031950648e-4	6.588673997073693
training_status	Adamts5	3.253740495789981	-3.550686845979542	6.238419910124731	3.4698560345326517e-7	1.7868738031950648e-4	6.578864456825809
training_status	Kdelr3	3.540026921257148	-2.4381936712585555	6.188581384360756	4.040307961789346e-7	0.00020211929172277049	6.40926060337842
training_status	Gfra1	3.168963001708397	-2.924258533737359	6.1665078911437154	4.322204748932642e-7	2.1021523041406007e-4	6.350988708139783
training_status	Rpl9-ps7	-2.910306038859926	-4.079875821945748	-6.1450970108617495	4.614499766402134e-7	2.1836561191874312e-4	6.307333973245728
training_status	Epb41l4b	3.3140530523289815	-3.497425439866566	6.116780536340609	5.031773219578596e-7	2.3184557184632008e-4	6.229440363787564
training_status	Gsto2	-3.259630163919648	-2.698256331998161	-6.104306208147959	5.227419810614126e-7	2.3468434221549415e-4	6.198148889672969
training_status	Ltb4r1	3.345710693690904	-2.603651434055184	6.01901426717016	6.786033501889227e-7	2.970416514614462e-4	5.903271968094415
training_status	Dmkn	3.667698990957889	-2.126112869242979	5.900428578785772	9.757166837395007e-7	4.16678619892559e-4	5.579296690049157
training_status	Gpr179	-2.77191914736106	-3.961098939028162	-5.829017299940603	1.2143756471835942e-6	5.062500763461322e-4	5.396915424189857
training_status	Hspb8	2.871001964705392	-3.781940030201544	5.792272099831856	1.3591372913834837e-6	5.534217403449631e-4	5.277063910302026
training_status	Cyp2r1	-3.2880276645772084	-1.8452877347059689	-5.716544030973212	1.7142709732665252e-6	6.781021542688032e-4	5.051745088838139
training_status	Tspan6	3.1114820006450064	-2.7505236819597068	5.71116109742393	1.7427949592835766e-6	6.781021542688032e-4	5.040637590132497
training_status	Coro2b	3.1113014108398263	-3.871582186184644	5.6720770538425125	1.964643170262015e-6	7.478029840895135e-4	4.947491377437097
training_status	Klk9	2.8194889877338567	-4.123290315196787	5.6504221140837565	2.0994995123347456e-6	7.766086458972608e-4	4.8822007903908045
training_status	Gm15846	2.6913366625382587	-4.489419772601881	5.64435016989338	2.138947477201838e-6	7.766086458972608e-4	4.862372721597101
training_status	Tmem98	2.736913977527229	-3.5161462633340537	5.639140066588871	2.1733864669007815e-6	7.766086458972608e-4	4.848423600597998
training_status	Hepacam2	3.2657992029204967	-3.7712018289881226	5.6229885232404415	2.2837114757184797e-6	7.997100845670973e-4	4.804256263647505
training_status	Adh7	-3.3423101787288445	-1.91743337235118	-5.6004820517779885	2.4468407709634105e-6	8.400340207607521e-4	4.720456029665953
training_status	Zfp979	-2.5355593280857542	-3.3330104818901383	-5.58129497450827	2.595074356723638e-6	8.737914790745034e-4	4.6837384167356735
training_status	Tmem88	2.547806143967738	-4.482345697803004	5.425048742323867	4.188824595810346e-6	0.00138381377071779	4.23464587562205
training_status	Rhbdl3	2.7098020336612447	-3.600030904775654	5.403092962433753	4.480195416714119e-6	0.00145266188057865	4.17345352973455
training_status	Erich6	2.7947493646557913	-3.865255074881744	5.3562065111239585	5.1718496842248165e-6	0.00164643483856531	4.040024615620683
training_status	Zbtb16	2.707460762034941	-3.643514128566952	5.296444684360473	6.209768986088876e-6	0.00194155080673982	3.869015849093131
training_status	Celsr2	3.1321573636081905	-3.2409142864120395	5.275495711529176	6.620737072628722e-6	0.00203372781411677	3.8091906458205305
training_status	Tead3	2.8522267037407185	-3.1394264526462003	5.267403148000018	6.78665079040963e-6	0.00204874946016003	3.784857680378689
training_status	Abcb11	2.581276604402231	-3.4449498006522066	5.252967033341002	7.092967100259441e-6	0.00208243830728282	3.744666920744875
training_status	Fth-ps2	2.7183135466792003	-4.148504325086298	5.25098344331315	7.136118478323707e-6	0.00208243830728282	3.7393438980921063
training_status	Flvcr2	3.18723779699855	-3.152065236750407	5.235626203114442	7.479169096566621e-6	0.00214676674937352	3.68952077681868
training_status	Ddit4l	-3.029762533428692	-1.409111296522338	-5.18376217304795	8.763667663753305e-6	0.00247488801813962	3.543840441885276
training_status	Atosa	-4.030031052586389	-2.695903459629284	-5.1556927949939615	9.548086494102934e-6	0.00265361026071822	3.467887342446625
training_status	Rd3	3.028731599395861	-2.8806510748709044	5.146814703512497	9.810439975483752e-6	0.00268392177391789	3.4373007685835866
training_status	Pcdhga3	2.525762232259311	-3.7973374172053616	5.129174704919116	1.0353173575110047e-5	0.00278882640194772	3.392601616462441
training_status	Lhx6	2.9835102725135596	-3.1402468696997765	5.115193398896824	1.0804462768626842e-5	0.00284377462168436	3.3483037559230624
training_status	Fam241b	2.86227371747363	-3.825909460935631	5.1128498821125525	1.088199780986077e-5	0.00284377462168436	3.343509240964602
training_status	Efhd1	2.947617389988026	-1.6162586535857515	5.063703489025666	1.2641621968572084e-5	0.00325503175070189	3.204569998897127
training_status	Ifitm10	2.5689592994408996	-3.5577875756986437	5.028240661070314	1.4084266048604187e-5	0.00357393353978276	3.106245729065403
training_status	Ccl20	2.536011928652969	-3.49051072054374	5.022204661155679	1.4345603113192569e-5	0.00358824521298412	3.0892515203237707
training_status	Bean1	2.668870966981761	-4.208932671650417	5.014550275805421	1.4683945643119794e-5	0.00362114372204766	3.066601287560829
training_status	Rnf122	2.8448816156849945	-4.400211611136869	4.97816518662022	1.640376895301262e-5	0.00390588027224432	2.962121228236594
training_status	Fat2	3.0511001547725862	-1.8195852421043217	4.97689613838657	1.6467232015958753e-5	0.00390588027224432	2.9611698323072844
training_status	Fzd2	2.7450996624192237	-3.3534821924045213	4.976087375824754	1.650780399486434e-5	0.00390588027224432	2.958255055108612
training_status	Naip3	-2.437580317780005	-3.2468627485679376	-4.943929168220672	1.8203994082043493e-5	0.00422693913508119	2.8662528592336765
training_status	Armcx4	2.6929507363062517	-3.702259062410022	4.941345314056341	1.8347556928789245e-5	0.00422693913508119	2.860969112721552
training_status	Prss22	2.366803710714704	-4.628762986576054	4.9333296468511865	1.8800103829726588e-5	0.00427494828512575	2.83850332981611
training_status	Fgfr3	3.2473308062892583	-4.046638289974928	4.926783545248898	1.9177881123055177e-5	0.00430494257158427	2.8163487912477603
training_status	Nol3	-2.778823987400412	-1.9114782240915429	-4.922581636236536	1.9424331789801775e-5	0.00430507120642581	2.808813465985164
training_status	Serpinb12	-2.5939868231527305	-2.1313823234042863	-4.903456022864813	2.058636206520585e-5	0.00450558266749611	2.755121368984887
training_status	H3c1	2.399003755105648	-4.553997559632316	4.897090685812285	2.098819036450551e-5	0.00453681759372996	2.7360452299857627
training_status	Myh15	2.9936336929066782	-3.0825433059543976	4.891481941074432	2.134869498487229e-5	0.00455846707914791	2.7204675644030845
training_status	C1ql1	2.5956297320538786	-3.6179186578509257	4.877821461786265	2.2252612073294344e-5	0.00469422873242543	2.6805080716851943
training_status	Chrm3	-2.601981916665808	-3.1675498105228237	-4.860246275573985	2.3471557560802943e-5	0.00489242263490593	2.6328814475213367
training_status	E2f7	2.9012980408015085	-3.34548521987752	4.8437312749099	2.467717206122007e-5	0.00508320712494002	2.5877619493168886
training_status	Gm8242	2.905840330432203	-2.2403099250123137	4.832072982561821	2.556498201083457e-5	0.0052048519770663	2.554596174011873
training_status	Wnt5b	2.600098352912041	-4.040534460063632	4.76852018726898	3.0990605346341494e-5	0.00619906055541359	2.372434561442706
training_status	Igfbp6	2.8207675585612177	-2.7776524111183063	4.76675659111185	3.1156395503820684e-5	0.00619906055541359	2.3728023484637006
training_status	Fam83a	2.4349086882848403	-3.76037066364442	4.752189012436227	3.2559837441314656e-5	0.00640550779505593	2.328365021589361
training_status	Tcf7	2.679870550434749	-3.4326702081290583	4.7458091387443675	3.319399945598286e-5	0.00645770818305337	2.3127213916776155
training_status	Rprml	2.6804003355580677	-2.7980270331921977	4.734387744874561	3.4359951647956477e-5	0.00661108124619857	2.2810702446695146
training_status	Zfp626	2.8837685184571717	-4.636060199159304	4.721313145185589	3.574445750342658e-5	0.00680271420029886	2.234576279678392
training_status	Gm5100	2.420732075486199	-4.747491567539597	4.686646035023122	3.968817058053224e-5	0.00747204493219934	2.144653545699591
training_status	Slc26a9	2.7147387109420755	-2.7132872755774087	4.675953643691086	4.098914668830064e-5	0.00763488265282399	2.120982338384098
training_status	Maneal	2.5826645596426454	-3.5842410882036777	4.665337830431875	4.2322474782246415e-5	0.00772793666308167	2.0825162547972473
training_status	Ceacam10	-2.7100442737830854	-3.6870700979796776	-4.664954125732247	4.2371461514412046e-5	0.00772793666308167	2.0759501470260755
training_status	Nxph3	2.8567279641541052	-3.748945074823598	4.628847263675334	4.724076241566118e-5	0.00852720112511146	1.9737374125869869
training_status	Cpne9	2.3812083760662133	-4.228423343331606	4.622996982241076	4.8080125923691376e-5	0.00859015229385624	1.9671980243671996
training_status	Stx1b	2.7335896610922856	-2.670659554267441	4.610613902401448	4.9905645009385005e-5	0.00882624180272042	1.940251565310409
training_status	Slc6a17	2.954238398827594	-2.81470023880383	4.557737180238133	5.850166504600105e-5	0.01024305653290432	1.7932743014587835
training_status	Cdr2l	2.844846623923757	-3.210605488902691	4.553428067460587	5.926336262925485e-5	0.01027368530965963	1.7791023173488574
training_status	Spata25	2.8950262270176013	-3.3702415319174035	4.539504269515577	6.17920700476333e-5	0.01060703288690207	1.7401218335146948
training_status	Hip1r	2.4749478934767666	-2.7378915188117467	4.520724728032138	6.537183300044065e-5	0.01108800834248848	1.6850081085775068
training_status	Armc2	-2.6066719523607396	-2.617329415939039	-4.5182397599217285	6.58605784235994e-5	0.01108800834248848	1.6863631000476094
training_status	Slc36a2	-2.571225986153856	-3.2037902795953648	-4.512984435034947	6.690609245621938e-5	0.01109791994756699	1.6719936871607528
training_status	Ccdc38	-2.675502420487903	-3.748346287782544	-4.511585571290153	6.718713315678233e-5	0.01109791994756699	1.656844942866674
training_status	Pappa2	-2.769763400717772	-3.6898644474424263	-4.4687147971947	7.638754032039867e-5	0.01249971442495196	1.5203398956726035
training_status	Smim1	3.0179432749437027	-3.4175659333597053	4.46486706141355	7.72715690077586e-5	0.01252729538663745	1.5351892429415344
training_status	Kif23	2.948493021382443	-1.788531515607785	4.459031219996378	7.86316313122523e-5	0.01263083699675436	1.5177458639418937
training_status	Akap3	-3.0542341144022167	-4.2181852810161455	-4.439502299841631	8.33565549476144e-5	0.01326809018707073	1.4357672348019372
training_status	Capns2	2.5853194334888876	-3.481116829561674	4.428835619199009	8.605418602787414e-5	0.01357407876722566	1.4416975695473957
training_status	Poln	2.6376360064180107	-4.7042439433450065	4.425079051217327	8.702454139069749e-5	0.01360457763580109	1.4131433461563363
training_status	Aunip	2.516880411401665	-4.001551174625682	4.407228936626191	9.17844991729845e-5	0.01416222737917562	1.365515966139692
training_status	H2-Eb2	-2.614292072095714	-3.3467037227412573	-4.405680167980057	9.220937353509742e-5	0.01416222737917562	1.3659774023924118
training_status	Ncald	-2.6069162363143645	-3.958219170525131	-4.400361600618689	9.368319950948576e-5	0.01426347078444857	1.3377865311775858
training_status	Hoxc10	2.307244172855889	-3.8796011312223286	4.38703570266201	9.7478444081019e-5	0.01471336273633242	1.3139191588839934
training_status	Bdkrb1	2.706364469878819	-3.119780947932571	4.383456013288495	9.852345118183514e-5	0.01474399236532266	1.2960949275755589
training_status	Gm7204	-2.4930768172529647	-3.8105453734542225	-4.367915791860762	1.0318921406740047e-4	0.01529144297232296	1.2487889266970909
training_status	Phf24	-2.346142565415772	-2.96277523221925	-4.36551748984828	1.039283633392217e-4	0.01529144297232296	1.2602311351360551
training_status	Ccdc162	2.1708375289315645	-4.140394723386908	4.342617192766047	1.1125341717379708e-4	0.01623280067746677	1.1934356677528513
training_status	Slc2a12	-2.342669257531276	-4.086969875317018	-4.298027870481911	1.2700055184876e-4	0.01837729472991745	1.077402524375472
training_status	Saa1	2.523816795932078	-4.459205599319822	4.272260086863789	1.3707768166077767e-4	0.01967289449343079	0.993990167518211
training_status	Gm2546	2.333634294054056	-4.350507655409402	4.26368126791408	1.4060362317145245e-4	0.02001486860251187	0.9747704820236178
training_status	Awat1	-2.1339684946775876	-4.777705740821656	-4.244567497070024	1.4878249207230884e-4	0.02086607717177323	0.9207522495022706
training_status	Dynlt2a1	-2.8375282139748825	-3.377749392516971	-4.2424157598718315	1.4973194786168276e-4	0.02086607717177323	0.9111201627670322
training_status	Gfra2	2.544715623950594	-2.877537618149429	4.241453352960742	1.5015853124926762e-4	0.02086607717177323	0.9339504472163292
training_status	Atp4a	2.139340234403254	-3.245842041736251	4.235858676808777	1.5266205264754732e-4	0.0208771794180008	0.9019217799814454
training_status	Gm6807	2.260210940021014	-4.272779084419706	4.233482501991959	1.537376901483031e-4	0.0208771794180008	0.9078032471631116
training_status	Gm20518	2.1747116671338116	-3.5584643265015568	4.233311176328944	1.538155317220917e-4	0.0208771794180008	0.894386315356936
training_status	Gpr4	2.9016276711649303	-3.114950951498152	4.207394606441771	1.66046665242365e-4	0.02236393124406591	0.8357561063889198
training_status	Pcdhga6	2.7961215966962163	-2.6641698309462294	4.203745620463446	1.678435956403396e-4	0.02243338561882982	0.825808692513899
training_status	Fkbp11	2.680016624765359	-2.509191864777351	4.193065332980796	1.732132650849451e-4	0.02295742520911162	0.802225712188041
training_status	Hormad2	2.5450302152039885	-2.9963525503026545	4.190774498924088	1.7438674697651754e-4	0.02295742520911162	0.790655383060777
training_status	Gm4149	2.5345847361440823	-4.131090181835431	4.168981444291415	1.8594683369246393e-4	0.024056674021888	0.7123596714260483
training_status	Gm12286	-2.2008442976765026	-3.8245668593792823	-4.167851752039982	1.865661092900693e-4	0.024056674021888	0.7090652265657864
training_status	Bok	2.5128970947022893	-3.1951782642391326	4.1673194161541485	1.868586251057609e-4	0.024056674021888	0.7216325250752815
training_status	Exph5	2.1742695174124385	-4.812139562714011	4.151139157677434	1.959669874766883e-4	0.02502575507060062	0.6713283146911246
training_status	Pmel	2.3001656169408555	-1.6214614280440849	4.147501769909944	1.9807364545550689e-4	0.02502575507060062	0.653443444153881
training_status	Fam167a	2.1379522696619806	-3.8796011312223286	4.146472423807186	1.9867382230929727e-4	0.02502575507060062	0.6590631662068178
training_status	Epor	2.4352173899399485	-3.954024864229286	4.141018194165014	2.0188381861023491e-4	0.02524845557176145	0.6386007583501012
training_status	Prss50	-2.2396737686823855	-4.011681339615758	-4.135746345909067	2.0503468471404484e-4	0.02546065457204405	0.6232720683055692
training_status	Slc16a5	-2.46931757676465	-3.5741109232136017	-4.132571427881414	2.0695542264003477e-4	0.02546491699211549	0.636652221098319
training_status	Apbb1	2.396585603340252	-2.3164664374892245	4.13089322344538	2.079777902720039e-4	0.02546491699211549	0.6382208051920681
training_status	Atp1b2	2.1484490049775675	-1.3734612185439634	4.127932093375947	2.09793783802689e-4	0.02550888444862	0.615676943203165
training_status	B230217C12Rik	-2.0324224353067155	-1.6440461821930392	-4.117457625502999	2.1634286563231215e-4	0.02612377403004243	0.5669099239990372
training_status	Plscr2	2.367414595525652	-2.6814084525157647	4.112337882717011	2.1961628284391176e-4	0.02633740750900035	0.5657821491506887
training_status	Or10aa1	-2.7135617463988178	-4.361535338559585	-4.100634497332977	2.2728205546778337e-4	0.02707130278357427	0.5136045292933904
training_status	Chrna2	2.5620325900210883	-2.2916477972819793	4.093319588094157	2.3220555820889605e-4	0.02725976502630724	0.5330250147565243
training_status	Rpl23a-ps3	2.3078760803407015	-4.0249266229544185	4.093206709251557	2.3228234541344375e-4	0.02725976502630724	0.5316044900952264
training_status	Hpcal4	2.6028211853537675	-2.4989418933904877	4.091370376335826	2.335350250697405e-4	0.02725976502630724	0.5144913651716072
training_status	Tbx2	2.559528316754866	-2.412556225022673	4.0875711444260565	2.361477218427499e-4	0.02738218848837555	0.5124766385267518
training_status	Cryba4	2.5028639828182504	-2.5629729492646116	4.072497942254939	2.4679782415624454e-4	0.02836898666423266	0.4780288499012615
training_status	Slc17a8	2.427887154278992	-1.8830761239132263	4.070976537057189	2.478985070322462e-4	0.02836898666423266	0.4687522813439182
training_status	Gm17040	2.1404175926868088	-4.288905680402833	4.067143304116008	2.5069302315076106e-4	0.02850249443082257	0.4448865156101416
training_status	Arhgap32	2.652670405105066	-2.5528355056478373	4.0631831783636585	2.5361236220832633e-4	0.02864837967681023	0.4549352057052287
training_status	Rnf227	-2.7671900108396064	-3.231946420428838	-4.034133358216792	2.760663381917747e-4	0.03098490714999861	0.36957767991364054
training_status	Arg1	2.451026281841191	-2.5892894593558826	4.020614266984977	2.87166707139031e-4	0.03202548965157512	0.34362683406696704
training_status	Lrrn3	2.1905216565446413	-4.676825158660018	4.014298953063778	2.9250026471982447e-4	0.03239765116738461	0.30231297584643446
training_status	Plcd4	2.5306711217452618	-3.16832840790788	4.0094878134863725	2.9662822815574333e-4	0.03239765116738461	0.30909889826119574
training_status	Igflr1	3.068350101602526	-2.972002078003805	4.008942057640386	2.9710006137109756e-4	0.03239765116738461	0.3029748231837557
training_status	Evc2	2.4136218261993565	-3.0792644908575593	4.007490171630805	2.9835885725827444e-4	0.03239765116738461	0.30666078965109644
training_status	Wnt9a	-2.4196877911356203	-2.1529105330639076	-4.005886242239072	2.997555251080191e-4	0.03239765116738461	0.29820655594853296
training_status	Arhgap33	2.704312317175609	-3.448980259495075	4.002501580585987	3.0272377945653623e-4	0.03251773407671467	0.29211751017373366
training_status	Gm6325	-2.330742878048507	-3.132484376725334	-3.991941970678739	3.121696951811726e-4	0.03332792190809239	0.2489503427023383
training_status	Mlph	2.50247704894364	-3.8636758884611626	3.988707081668312	3.151204942636695e-4	0.03338488757850148	0.22602976166081937
training_status	Kctd15	2.714761669199851	-3.5675810343810626	3.987186709744352	3.165167250003567e-4	0.03338488757850148	0.2432462232450696
training_status	Hoxa3	2.184812987607771	-4.483331150752737	3.978924112216777	3.2421078143658294e-4	0.03399165612079719	0.2076458863387698
training_status	Gnb5	2.9941863339271855	-4.203368115541277	3.968162632304369	3.345056312944709e-4	0.03420983759335426	0.1440346426775223
training_status	Zfp786	2.330514761945827	-4.777705740821656	3.9681001481463336	3.345663266169979e-4	0.03420983759335426	0.17607867222935347
training_status	Mfrp	2.06123772685688	-4.839119540335506	3.96692975871228	3.3570519493508744e-4	0.03420983759335426	0.1776569794207017
training_status	Folr1	2.2949508217870314	-2.3177402691547826	3.9650510495225215	3.3754121118132504e-4	0.03420983759335426	0.19476049281812455
training_status	Gm29394	-2.5348468220160356	-2.8313318655438504	-3.964645539593266	3.3793878827324044e-4	0.03420983759335426	0.19088680598220975
training_status	Tmem253	-2.0982311578819055	-4.187971107734087	-3.961623202321933	3.4091641144167367e-4	0.03420983759335426	0.1556468372676445
training_status	Lypd6b	-2.353399658374635	-4.031685224887954	-3.9605514486838	3.419784374590768e-4	0.03420983759335426	0.14515936152201636
training_status	Etv4	2.2645634099799836	-3.5665666848561264	3.959738186998254	3.4278646841259136e-4	0.03420983759335426	0.1681029707290591
training_status	Rps8-ps2	2.1294134279764916	-4.244407651264239	3.958644181167707	3.4387637308985953e-4	0.03420983759335426	0.15424672523504235
training_status	Ube2t	-1.919440691521533	-1.1390830931102869	-3.944955608538118	3.578023674544786e-4	0.0351575027906035	0.10710172662439275
training_status	6430571L13Rik	2.8006355629599633	-2.6067551034750926	3.9443426489988296	3.584386433019548e-4	0.0351575027906035	0.1311874554082788
training_status	Bik	2.9770011753207166	-2.011662185710755	3.942121500135963	3.6075352846822015e-4	0.0351575027906035	0.1256150525584463
training_status	Klrb1b	2.450590205230757	-3.9216422961573456	3.9414710811739138	3.614341482842327e-4	0.0351575027906035	0.13148262602705785
training_status	Tex14	2.6247220961154447	-2.1492925603855624	3.9339343392568584	3.6941262755889234e-4	0.03561128160138473	0.11076304691973338
training_status	Trim9	-2.4285396560603028	-4.341012880043847	-3.933133561071238	3.7027035279218464e-4	0.03561128160138473	0.07041006046277243
training_status	Fam209	2.4468482605964463	-2.867253208509759	3.931337831853824	3.722008414560172e-4	0.03561128160138473	0.10443538704911592
training_status	Bnc2	2.293644857982319	-2.286191838761233	3.9182290045670474	3.865933701831979e-4	0.03676745918525594	0.07600688541861533
training_status	Rps2-ps6	2.249510950389028	-3.9553885651737097	3.9147941795815457	3.904532562901386e-4	0.03676745918525594	0.03528825727612883
training_status	Gm10157	2.267126727567213	-4.541104483234708	3.914677798870179	3.9058469406919895e-4	0.03676745918525594	0.03459980226533421
training_status	Hrob	2.2407280397450435	-2.1988294255790475	3.9075428178552993	3.9872556381180974e-4	0.03733307966193035	0.04273962912879536
training_status	Fgfr2	2.4474968519153104	-3.0694816442243926	3.9003946223888377	4.070470124392499e-4	0.03785340387786864	0.02714153438626621
training_status	Gm17709	2.165508889976409	-3.739265891020527	3.899070744104201	4.0860662133286726e-4	0.03785340387786864	-0.00476098144778269
training_status	Ngb	1.9006972198494207	-4.226609678807302	3.8950763659654504	4.133475590173578e-4	0.03809106532018377	-0.0115367971721394
training_status	Rgs8	-2.13010659918402	-4.177733045418625	-3.884837620446668	4.2574566699076383e-4	0.03902817216409049	-0.048858090205667
training_status	Fhl2	2.73414496942686	-2.340456054537139	3.880129389229744	4.3156757009498435e-4	0.03935581554579729	-0.03083691627231477
training_status	Gpc6	2.2761934499983147	-3.405741347398267	3.851713387116817	4.683839060827698e-4	0.04249188503421356	-0.11529609487007696
training_status	Ocstamp	2.371602477558795	-3.0850888260484277	3.8490384726409306	4.720027636929526e-4	0.04259946592525725	-0.10657513076657564
training_status	Troap	2.830227746462716	-3.770813784466995	3.840192652217506	4.841646884510806e-4	0.04347302323123062	-0.148352362791786
training_status	Gsdmc4	-2.0991273556099763	-3.645574764697741	-3.8341123525797296	4.927003478098459e-4	0.0439088029954187	-0.18314700339616685
training_status	Stac	2.3359447347224584	-3.899685139514311	3.831634725984185	4.962202558983748e-4	0.0439088029954187	-0.15907817123394707
training_status	Rin1	2.2751384448638787	-2.1001448651646397	3.831409541672453	4.965413783250273e-4	0.0439088029954187	-0.15762867238230616
training_status	Adamts8	2.3112856290023793	-3.4613078436623765	3.8273322361615536	5.023908245084627e-4	0.04420281882572197	-0.19756554379037097
training_status	Slc25a18	-2.117181957201854	-3.8496995139415366	-3.801759994448245	5.406330620189335e-4	0.04732972141444754	-0.2687249880571221
training_status	Rtn4rl1	2.048674755017489	-4.326711299449934	3.798201480891436	5.461737178334561e-4	0.04757689365943275	-0.268869881253063
training_status	Ager	2.0637420916777898	-4.187971107734087	3.792830344610755	5.546411478268878e-4	0.04798982999959681	-0.2829630936734606
training_status	1700029H14Rik	1.8891540671158609	-4.626720466321533	3.791727224670443	5.563958815419586e-4	0.04798982999959681	-0.2838124834242395
training_status	Apoc1	2.1744534632113415	-1.9338394834197208	3.780863488236713	5.739670541061298e-4	0.04926269191345209	-0.32827676955461005
training_status	Pitpnm2	2.170078072126458	-3.31082806205109	3.7791507111925937	5.767860004537127e-4	0.0492631516192393	-0.30084995589224217
genotype_x_training_status	Neurog3	-4.621087309418187	-4.221827089389576	-8.25132002537679	8.675655386698067e-10	1.5190205016569648e-5	11.762325743776016
genotype_x_training_status	Ifna1	-4.275122349069446	-4.301579696320431	-6.802091359487191	6.26140428865548e-8	5.48154638450344e-4	7.9383851115595405
genotype_x_training_status	Gm15056	-5.324985674346276	-2.9413389085976016	-6.3498970965455666	2.4695993927332644e-7	0.00113945967386609	6.170822458418647
genotype_x_training_status	Ifna16	-3.7226274023789	-4.4441579121830035	-6.332620712647606	2.6031404965814053e-7	0.00113945967386609	6.623878334733444
genotype_x_training_status	Kantr	-4.686481886520085	-3.406169564505894	-5.789301961634853	1.371567120523169e-6	0.00433360027140913	4.751659075511855
genotype_x_training_status	Mafa	-4.543776970670293	-2.521142778569284	-5.763369627623428	1.4850420714178325e-6	0.00433360027140913	4.75710735306477
genotype_x_training_status	Klri2	-4.787647542510648	-3.6840532061076208	-5.67506187439124	1.9467473426541567e-6	0.00486937131750451	4.574434114563909
genotype_x_training_status	Gpr153	3.408317267193471	-2.1941318067970097	5.544602559962271	2.9039918190585615e-6	0.00635574909498704	4.433495250141442
genotype_x_training_status	Pcdhgc5	4.330931687755718	-4.0665757297656375	5.392946608668102	4.621591609705393e-6	0.0080962326888256	3.954379660830174
genotype_x_training_status	Arsj	3.9015578753790887	-4.258637516613665	5.392773613849565	4.6240406013053904e-6	0.0080962326888256	3.9532046521449793
genotype_x_training_status	Ebf1	4.37730865522079	-3.370405494626463	5.102041916960365	1.1246797068823366e-5	0.0179018336252753	3.0172972792366837
genotype_x_training_status	Gm20547	3.094870452632853	-4.4990486407240695	5.009700388726411	1.4902410821198245e-5	0.02174385925569667	3.008956725807181
genotype_x_training_status	Gja4	3.012694263594541	-4.220031376202691	4.972241134187488	1.6702114415747354e-5	0.02249517856194772	2.888936192055265
genotype_x_training_status	Ngb	-3.4774683237004864	-4.226609678807302	-4.913111845865412	1.999132923853388e-5	0.02445522448181837	2.5593351245252025
genotype_x_training_status	C2cd4c	-3.4733612137549645	-4.512613861592173	-4.897677136469806	2.095084626348025e-5	0.02445522448181837	2.6363700049519725
genotype_x_training_status	Rnf122	-3.934695927185055	-4.400211611136869	-4.758551445712981	3.1939348329485746e-5	0.03495162811881037	2.226534785852375
genotype_x_training_status	Slc2a12	3.4776718511147275	-4.086969875317018	4.702822093081431	3.779716861302078e-5	0.03667962727013602	2.066222107054566
genotype_x_training_status	Zfp979	3.289373111702428	-3.3330104818901383	4.701865388444836	3.790648755761468e-5	0.03667962727013602	2.0229721540679018
genotype_x_training_status	Ntrk3	-4.196777688934221	-3.7460235762098457	-4.6856874042914045	3.980312514321688e-5	0.03667962727013602	1.9620350730805347
genotype_x_training_status	Rbpms2	4.264920526306162	-2.7216850454344925	4.666159372939692	4.221777834016589e-5	0.03675242705819347	1.938058645805369
genotype_x_training_status	Sox30	-3.025873052647015	-4.153786067485664	-4.62289344142684	4.80951131781732e-5	0.03675242705819347	1.9393355994905397
genotype_x_training_status	Phf24	3.621739663198868	-2.96277523221925	4.619238876145561	4.862706641633503e-5	0.03675242705819347	1.7973949057789698
genotype_x_training_status	Cited4	-3.703755899257672	-3.634249118328465	-4.6076080690435415	5.0358986699553105e-5	0.03675242705819347	1.7269420393162846
genotype_x_training_status	Itgae	-3.296867407823733	-3.08227145827104	-4.6074864138672496	5.0377420149445626e-5	0.03675242705819347	1.8138855658386248
genotype_x_training_status	Pak3	3.4625653023488963	-3.803762974998395	4.590403022354308	5.303316841199383e-5	0.037142309829024	1.7899929897338014
genotype_x_training_status	Cyb561	-3.2902142477541663	-2.6140322667563516	-4.525796685865479	6.438534466210749e-5	0.04029650796960134	1.6114296054105155
genotype_x_training_status	Gm20422	4.461116590220822	-3.744888972497849	4.51736045712796	6.60343815931657e-5	0.04029650796960134	1.593387075265868
genotype_x_training_status	Ifnab	-2.92974046489809	-4.645625532428226	-4.496684639256783	7.025397228198624e-5	0.04029650796960134	1.6066359122766434
genotype_x_training_status	Lrrn4cl	3.533865571795944	-3.027150230931602	4.487997270569897	7.210518525423603e-5	0.04029650796960134	1.519015166152112
genotype_x_training_status	BC049715	-3.78671938924385	-3.7805058562564935	-4.4874676194002	7.221959128464457e-5	0.04029650796960134	1.427354685527864
genotype_x_training_status	Apol6	2.7990619201431413	-4.262831822909511	4.485550376807299	7.263521779705937e-5	0.04029650796960134	1.5798315103832206
genotype_x_training_status	Egr3	4.304924787183956	-3.631874206820844	4.480927173940333	7.364716745829247e-5	0.04029650796960134	1.4762997172606758
genotype_x_training_status	Pcdhga6	-4.1732614373336485	-2.6641698309462294	-4.443088378347968	8.246845748994488e-5	0.04350660972795135	1.3540594471144676
genotype_x_training_status	Atosa	5.352655194616866	-2.695903459629284	4.435004815160636	8.44836787223911e-5	0.04350660972795135	1.3209586542709433
